{
  "integrations": [
    {
      "id": "281cc67f-6ea2-4738-bea8-bcab663dce51",
      "name": "Inbound from SNS",
      "action": "CREATE_EVENT",
      "type": "INBOUND_WEBHOOK",
      "deployed": true,
      "form": "792c157b-d3b4-47e7-b7fc-a156287843a8",
      "script": "\nvar data = JSON.parse( request.body );\n\nif( data.Type == \"SubscriptionConfirmation\" ) {\n    \n    // We can't do this automatically because the full domain can change. For example:\n    // https://sns.us-east-1.amazonaws.com\n    // https://sns.us-west-2.amazonaws.com\n    // So we dump a message in the log and hope someone will click it. \n    console.log( 'Go here to confirm the subscription: ' );\n    console.log( data.SubscribeURL );\n    return;\n}\n\nif( data.Type != \"Notification\" ){\n\tconsole.log( 'Ignoring \"' + data.Type + '\"' );\n\treturn;\n}\n\n\n\nvar message = JSON.parse( data.Message );\n\nproperties = {};\nproperties.Subject   = data.Subject;\n\nproperties.AlarmName        = message.AlarmName;\nproperties.AlarmDescription = message.AlarmDescription;\nproperties.NewStateValue    = message.NewStateValue;\nproperties.OldStateValue    = message.OldStateValue;\nproperties.NewStateReason   = message.NewStateReason;\nproperties.Region           = message.Region;\n\ntrigger.properties = properties;\n\n\n\n// Post trigger to form\nform.post( trigger );\n\n",
      "environment": "HOSTED",
      "authType": "URL"
    }
  ],
  "endpoints": [],
  "constants": []
}