{
  "integrations": [
    {
      "id": "0e842b39-dd71-4923-a424-6939214bfc3f",
      "name": "Inbound from SNS",
      "action": "CREATE_EVENT",
      "type": "INBOUND_WEBHOOK",
      "deployed": true,
      "form": "edc9ead4-ea02-4796-b47c-8a03d9913745",
      "script": "\nvar data = JSON.parse( request.body );\n\nif( data.Type != \"Notification\" ){\n\tconsole.log( 'Ignoring \"' + data.Type + '\"' );\n\treturn;\n}\n\nvar message = JSON.parse( data.Message );\n\nproperties = {};\nproperties.Subject   = data.Subject;\n\nproperties.AlarmName        = message.AlarmName;\nproperties.AlarmDescription = message.AlarmDescription;\nproperties.NewStateValue    = message.NewStateValue;\nproperties.OldStateValue    = message.OldStateValue;\nproperties.NewStateReason   = message.NewStateReason;\nproperties.Region           = message.Region;\n\ntrigger.properties = properties;\n\n// Define recipients\nvar recipients = [];\ntrigger.recipients = recipients;\n\n// Post trigger to form\nform.post( trigger );"
    },
    {
      "id": "b005ad4a-1f20-4224-9285-2d28b8a922a2",
      "name": "Terminate IA",
      "action": "SEND_TO_IA",
      "type": "OUTBOUND_WEBHOOK",
      "triggeredBy": "RESPONSE",
      "integrationServiceName": "cloudwatch",
      "deployed": true,
      "form": "edc9ead4-ea02-4796-b47c-8a03d9913745"
    }
  ],
  "endpoints": [],
  "constants": []
}