{
  "integrations": [
    {
      "id": "12baa8b4-b7c2-40d8-ab15-82db3f9a35f7",
      "name": "CloudWatch Alarm - Inbound from SNS",
      "action": "RUN_SCRIPT",
      "type": "INBOUND_WEBHOOK",
      "deployed": true,
      "form": "48f5381e-1d9a-43f8-bef7-a247b8f43626",
      "environment": "HOSTED",
      "authType": "URL",
      "createdBy": "FLOW",
      "integrationScriptStepUuid": "3b0e36cd-ef27-4af9-8b8c-b20011f55b9d"
    },
    {
      "id": "60941458-c0c5-4084-bc3c-813092ff6903",
      "name": "Inbound from SNS",
      "action": "CREATE_EVENT",
      "type": "INBOUND_WEBHOOK",
      "deployed": true,
      "form": "48f5381e-1d9a-43f8-bef7-a247b8f43626",
      "script": "\nvar data = JSON.parse( request.body );\n\nif( data.Type == \"SubscriptionConfirmation\" ) {\n    \n    // We can't do this automatically because the full domain can change. For example:\n    // https://sns.us-east-1.amazonaws.com\n    // https://sns.us-west-2.amazonaws.com\n    // So we dump a message in the log and hope someone will click it. \n    console.log( 'Go here to confirm the subscription: ' );\n    console.log( data.SubscribeURL );\n    return;\n}\n\nif( data.Type != \"Notification\" ){\n\tconsole.log( 'Ignoring \"' + data.Type + '\"' );\n\treturn;\n}\n\n\n\nvar message = JSON.parse( data.Message );\n\nproperties = {};\nproperties.Subject   = data.Subject;\n\nproperties.AlarmName        = message.AlarmName;\nproperties.AlarmDescription = message.AlarmDescription;\nproperties.NewStateValue    = message.NewStateValue;\nproperties.OldStateValue    = message.OldStateValue;\nproperties.NewStateReason   = message.NewStateReason;\nproperties.Region           = message.Region;\n\ntrigger.properties = properties;\n\n\n\n// Post trigger to form\nform.post( trigger );\n\n",
      "environment": "HOSTED",
      "authType": "URL",
      "createdBy": "IB"
    }
  ],
  "endpoints": [],
  "constants": []
}