{
  "integrations": [
    {
      "id": "cd9ebe5c-976f-4438-bba1-aad2d38d7e65",
      "name": "Inbound from SNS",
      "action": "CREATE_EVENT",
      "type": "INBOUND_WEBHOOK",
      "deployed": true,
      "form": "86554cc8-b14f-4d5f-af53-b8e20f0ac4b8",
      "script": "\nvar data = JSON.parse( request.body );\n\nif( data.Type != \"Notification\" ){\n\tconsole.log( 'Ignoring \"' + data.Type + '\"' );\n\treturn;\n}\n\nvar message = JSON.parse( data.Message );\n\nproperties = {};\nproperties.Subject   = data.Subject;\n\nproperties.AlarmName        = message.AlarmName;\nproperties.AlarmDescription = message.AlarmDescription;\nproperties.NewStateValue    = message.NewStateValue;\nproperties.OldStateValue    = message.OldStateValue;\nproperties.NewStateReason   = message.NewStateReason;\nproperties.Region           = message.Region;\n\ntrigger.properties = properties;\n\n// Define recipients\n/*\nvar recipients = [];\n//Sample of pushing a Group as a Recipient\nrecipients.push({\"id\":\"Network\", \"recipientType\": \"GROUP\"}); \ntrigger.recipients = recipients;\n*/\n\n// Post trigger to form\nform.post( trigger );",
      "environment": "HOSTED",
      "authType": "ANY"
    },
    {
      "id": "66f93948-de54-4df3-93cf-e459a9adecd5",
      "name": "Terminate IA",
      "action": "SEND_TO_IA",
      "type": "OUTBOUND_WEBHOOK",
      "triggeredBy": "RESPONSE",
      "deployed": false,
      "form": "86554cc8-b14f-4d5f-af53-b8e20f0ac4b8",
      "environment": "ONPREMISE",
      "authType": "NONE"
    }
  ],
  "endpoints": [],
  "constants": []
}