[
  {
    "id": "3b0e36cd-ef27-4af9-8b8c-b20011f55b9d",
    "name": "Inbound Cloud Watch",
    "description": "In from the SNS Topic.",
    "icon": "http://s3-xmatters-static.s3.amazonaws.com/null/customers/99cee7bb-651f-4a52-b7fe-3a9af00d22f9/IMAGE__20190911042922031__aws-cloudwatch.png",
    "script": "\nvar data = JSON.parse( request.body || {} );\n\noutput[ \"Message\" ]          = data[ \"Message\" ];\noutput[ \"MessageId\" ]        = data[ \"MessageId\" ];\noutput[ \"Signature\" ]        = data[ \"Signature\" ];\noutput[ \"SignatureVersion\" ] = data[ \"SignatureVersion\" ];\noutput[ \"SigningCertURL\" ]   = data[ \"SigningCertURL\" ];\noutput[ \"SubscribeURL\" ]     = data[ \"SubscribeURL\" ];\noutput[ \"Timestamp\" ]        = data[ \"Timestamp\" ];\noutput[ \"Token\" ]            = data[ \"Token\" ];\noutput[ \"TopicArn\" ]         = data[ \"TopicArn\" ];\noutput[ \"Type\" ]             = data[ \"Type\" ];\n\noutput[ \"Recipients\" ] = request.parameters.recipients;\n\n// Of course they use Message as a string for subscriptions,\n// but a JSON string for Notifications. \nif( data[ \"Type\" ] == \"Notification\" && data[ \"Message\" ] ) {\n    var messageJSON = JSON.parse( data[ \"Message\" ] );\n    output[ \"Subject\" ]                    = data[ \"Subject\" ];\n    output[ \"AWSAccountId\" ]               = messageJSON[ \"AWSAccountId\" ];\n    output[ \"AlarmDescription\" ]           = messageJSON[ \"AlarmDescription\" ];\n    output[ \"AlarmName\" ]                  = messageJSON[ \"AlarmName\" ];\n    output[ \"NewStateReason\" ]             = messageJSON[ \"NewStateReason\" ];\n    output[ \"NewStateValue\" ]              = messageJSON[ \"NewStateValue\" ];\n    output[ \"OldStateValue\" ]              = messageJSON[ \"OldStateValue\" ];\n    output[ \"Region\" ]                     = messageJSON[ \"Region\" ];\n    output[ \"StateChangeTime\" ]            = messageJSON[ \"StateChangeTime\" ];\n    output[ \"Trigger.ComparisonOperator\" ] = messageJSON.Trigger[ \"ComparisonOperator\" ];\n    output[ \"Trigger.Dimensions\" ]         = messageJSON.Trigger[ \"Dimensions\" ];\n    output[ \"Trigger.EvaluationPeriods\" ]  = messageJSON.Trigger[ \"EvaluationPeriods\" ];\n    output[ \"Trigger.MetricName\" ]         = messageJSON.Trigger[ \"MetricName\" ];\n    output[ \"Trigger.Namespace\" ]          = messageJSON.Trigger[ \"Namespace\" ];\n    output[ \"Trigger.Period\" ]             = messageJSON.Trigger[ \"Period\" ];\n    output[ \"Trigger.Statistic\" ]          = messageJSON.Trigger[ \"Statistic\" ];\n    output[ \"Trigger.StatisticType\" ]      = messageJSON.Trigger[ \"StatisticType\" ];\n    output[ \"Trigger.Threshold\" ]          = messageJSON.Trigger[ \"Threshold\" ];\n    output[ \"Trigger.TreatMissingData\" ]   = messageJSON.Trigger[ \"TreatMissingData\" ];\n    output[ \"Trigger.Unit\" ]               = messageJSON.Trigger[ \"Unit\" ];\n    output[ \"Trigger.EvaluateLowSampleCountPercentile\" ] = messageJSON.Trigger[ \"EvaluateLowSampleCountPercentile\" ];\n}",
    "allowedEnvironment": "HOSTED",
    "accessibleByAll": "NotShared",
    "scriptStepType": "CUSTOM_HTTP",
    "inputs": [],
    "outputs": [
      {
        "id": "4bcdc3be-60ad-4e8d-b6a5-abdc2daa3288",
        "name": "Message",
        "description": "",
        "position": 0
      },
      {
        "id": "ee1ab426-392c-4954-a6f6-43aba60c0b4b",
        "name": "MessageId",
        "description": "",
        "position": 1
      },
      {
        "id": "c6bb8dab-50fc-4e57-b024-51c0fbc2ad96",
        "name": "Signature",
        "description": "",
        "position": 2
      },
      {
        "id": "61a0fede-e284-46e6-bac5-bba1714774b9",
        "name": "SignatureVersion",
        "description": "",
        "position": 3
      },
      {
        "id": "b2defabc-41a4-4ac1-aeba-0d7f0a1824c5",
        "name": "SigningCertURL",
        "description": "",
        "position": 4
      },
      {
        "id": "5abb9766-b5c2-4afe-a5b3-3929b75060c0",
        "name": "SubscribeURL",
        "description": "",
        "position": 5
      },
      {
        "id": "35c19153-f6c0-4a79-b5e1-4c338f6ce8d6",
        "name": "Timestamp",
        "description": "",
        "position": 6
      },
      {
        "id": "58bd30ef-333a-4c91-88cd-8a69643a9ae3",
        "name": "Token",
        "description": "",
        "position": 7
      },
      {
        "id": "6f8e505a-2ee8-45c7-8e63-78ce4bce23a6",
        "name": "TopicArn",
        "description": "",
        "position": 8
      },
      {
        "id": "f834df99-8e69-4254-8647-1536d7ed6d1b",
        "name": "Type",
        "description": "",
        "position": 9
      },
      {
        "id": "d361f199-ac4c-4a3e-948c-dd53f88fc319",
        "name": "AWSAccountId",
        "description": "",
        "position": 10
      },
      {
        "id": "a901444e-be48-4c22-8c73-be2cfe8bdf2b",
        "name": "AlarmDescription",
        "description": "",
        "position": 11
      },
      {
        "id": "0529c629-ae1c-4ddb-a2e4-9919194040e6",
        "name": "AlarmName",
        "description": "",
        "position": 12
      },
      {
        "id": "bc378d52-ef53-4c06-a722-d3dd04c253d0",
        "name": "NewStateReason",
        "description": "",
        "position": 13
      },
      {
        "id": "a2cdfaa7-3bb7-4638-aa8e-8e44d4a46e32",
        "name": "NewStateValue",
        "description": "",
        "position": 14
      },
      {
        "id": "4b089516-bc05-42a5-a4f5-94a007e6df64",
        "name": "OldStateValue",
        "description": "",
        "position": 15
      },
      {
        "id": "7b01048d-4601-40c1-8019-a119b7ca35c6",
        "name": "Region",
        "description": "",
        "position": 16
      },
      {
        "id": "8e8f9040-31e7-4433-9132-2aeec541f5eb",
        "name": "StateChangeTime",
        "description": "",
        "position": 17
      },
      {
        "id": "ea07a372-8ab3-469b-acfa-b680e96f0e7a",
        "name": "Trigger.ComparisonOperator",
        "description": "",
        "position": 18
      },
      {
        "id": "071807e6-568b-4065-8b40-0775dae487a6",
        "name": "Trigger.Dimensions",
        "description": "",
        "position": 19
      },
      {
        "id": "d3bc0611-a576-42eb-a52b-c2b126c1bde6",
        "name": "Trigger.EvaluationPeriods",
        "description": "",
        "position": 20
      },
      {
        "id": "2d3a8349-4353-4754-aa63-c75b425715fb",
        "name": "Trigger.MetricName",
        "description": "",
        "position": 21
      },
      {
        "id": "2df62ef8-6fcb-4d99-80be-9dc87dcc552c",
        "name": "Trigger.Namespace",
        "description": "",
        "position": 22
      },
      {
        "id": "a955fcea-ebb6-4e5b-a595-b59737611e2a",
        "name": "Trigger.Period",
        "description": "",
        "position": 23
      },
      {
        "id": "c8cd7d62-57de-4800-9d7e-565496b3cf9b",
        "name": "Trigger.Statistic",
        "description": "",
        "position": 24
      },
      {
        "id": "6a8c107d-17d0-4e1c-8804-7e5a513fdf27",
        "name": "Trigger.StatisticType",
        "description": "",
        "position": 25
      },
      {
        "id": "8429a30d-91ed-4998-9d6c-1af145da1025",
        "name": "Trigger.Threshold",
        "description": "",
        "position": 26
      },
      {
        "id": "81e0ef44-1de2-4b6e-b6cc-df04b98becad",
        "name": "Trigger.TreatMissingData",
        "description": "",
        "position": 27
      },
      {
        "id": "273fb71c-c90e-4dda-9c25-ae7748e563f1",
        "name": "Trigger.Unit",
        "description": "",
        "position": 28
      },
      {
        "id": "63984603-c2d1-47d2-bd77-c56772e88116",
        "name": "Trigger.EvaluateLowSampleCountPercentile",
        "description": "",
        "position": 29
      },
      {
        "id": "9e626b44-a8ff-440c-9dc5-453990099508",
        "name": "Subject",
        "description": "",
        "position": 30
      },
      {
        "id": "988c53cb-098c-4217-a6db-62b1d61b1f0b",
        "name": "recipients",
        "position": 31
      }
    ]
  }
]