[
  {
    "baseType": 3,
    "name": "AlarmDescription",
    "defaultValue": "",
    "description": "",
    "helpText": "",
    "isSystem": false,
    "minLength": 0,
    "maxLength": 20000,
    "validationRegex": "",
    "isValidate": false,
    "uuid": "5a59608c-b34a-4a57-a3f1-18818161049f"
  },
  {
    "baseType": 3,
    "name": "AlarmName",
    "defaultValue": "",
    "description": "",
    "helpText": "",
    "isSystem": false,
    "minLength": 0,
    "maxLength": 1000,
    "validationRegex": "",
    "isValidate": false,
    "uuid": "37c5cfec-52f3-484b-9c9d-654dc16ba43b"
  },
  {
    "baseType": 3,
    "name": "AWSAccountId",
    "defaultValue": "",
    "description": "",
    "helpText": "",
    "isSystem": false,
    "minLength": 0,
    "maxLength": 1000,
    "validationRegex": "",
    "isValidate": false,
    "uuid": "60b83fe5-3d8f-45e0-a4c9-add8c484283d"
  },
  {
    "baseType": 3,
    "name": "Message",
    "defaultValue": "",
    "description": "",
    "helpText": "",
    "isSystem": false,
    "minLength": 0,
    "maxLength": 20000,
    "validationRegex": "",
    "isValidate": false,
    "uuid": "c2d4cec4-99ea-4afa-abfd-6eda8d2ececf"
  },
  {
    "baseType": 3,
    "name": "MessageId",
    "defaultValue": "",
    "description": "",
    "helpText": "",
    "isSystem": false,
    "minLength": 0,
    "maxLength": 1000,
    "validationRegex": "",
    "isValidate": false,
    "uuid": "4c0a4348-e4dc-4b0c-9a71-d28d7e49aede"
  },
  {
    "baseType": 3,
    "name": "NewStateReason",
    "defaultValue": "",
    "description": "",
    "helpText": "",
    "isSystem": false,
    "minLength": 0,
    "maxLength": 1000,
    "validationRegex": "",
    "isValidate": false,
    "uuid": "5339f526-1a8a-4baf-871d-77d39428fd7c"
  },
  {
    "baseType": 3,
    "name": "NewStateValue",
    "defaultValue": "",
    "description": "",
    "helpText": "",
    "isSystem": false,
    "minLength": 0,
    "maxLength": 1000,
    "validationRegex": "",
    "isValidate": false,
    "uuid": "333fb476-3df7-460e-a5fe-f0ed11f19309"
  },
  {
    "baseType": 3,
    "name": "OldStateValue",
    "defaultValue": "",
    "description": "",
    "helpText": "",
    "isSystem": false,
    "minLength": 0,
    "maxLength": 1000,
    "validationRegex": "",
    "isValidate": false,
    "uuid": "2542f849-1783-413c-8671-a12669b8d573"
  },
  {
    "baseType": 3,
    "name": "Region",
    "defaultValue": "",
    "description": "",
    "helpText": "",
    "isSystem": false,
    "minLength": 0,
    "maxLength": 1000,
    "validationRegex": "",
    "isValidate": false,
    "uuid": "d82ba710-7d37-4f26-bbb6-0fe67c054934"
  },
  {
    "baseType": 3,
    "name": "Signature",
    "defaultValue": "",
    "description": "",
    "helpText": "",
    "isSystem": false,
    "minLength": 0,
    "maxLength": 1000,
    "validationRegex": "",
    "isValidate": false,
    "uuid": "f2033f72-7aad-4be4-b795-44118419643d"
  },
  {
    "baseType": 3,
    "name": "SignatureVersion",
    "defaultValue": "",
    "description": "",
    "helpText": "",
    "isSystem": false,
    "minLength": 0,
    "maxLength": 1000,
    "validationRegex": "",
    "isValidate": false,
    "uuid": "6ee9a596-9c3b-4120-bfc3-e083f731f13d"
  },
  {
    "baseType": 3,
    "name": "SigningCertURL",
    "defaultValue": "",
    "description": "",
    "helpText": "",
    "isSystem": false,
    "minLength": 0,
    "maxLength": 1000,
    "validationRegex": "",
    "isValidate": false,
    "uuid": "cec5b16a-ae7e-4005-97a2-99f81e1a099b"
  },
  {
    "baseType": 3,
    "name": "StateChangeTime",
    "defaultValue": "",
    "description": "",
    "helpText": "",
    "isSystem": false,
    "minLength": 0,
    "maxLength": 1000,
    "validationRegex": "",
    "isValidate": false,
    "uuid": "4fcfcdda-37e7-4b66-9e2f-0041cf6c7d42"
  },
  {
    "baseType": 3,
    "name": "Subject",
    "defaultValue": "",
    "description": "",
    "helpText": "",
    "isSystem": false,
    "minLength": 0,
    "maxLength": 1000,
    "validationRegex": "",
    "isValidate": false,
    "uuid": "d8bb369a-ca0b-4353-8790-e6ef1bfadc11"
  },
  {
    "baseType": 3,
    "name": "SubscribeURL",
    "defaultValue": "",
    "description": "",
    "helpText": "",
    "isSystem": false,
    "minLength": 0,
    "maxLength": 1000,
    "validationRegex": "",
    "isValidate": false,
    "uuid": "fea6dc31-b2ba-4c1a-970b-940a71454297"
  },
  {
    "baseType": 3,
    "name": "Timestamp",
    "defaultValue": "",
    "description": "",
    "helpText": "",
    "isSystem": false,
    "minLength": 0,
    "maxLength": 1000,
    "validationRegex": "",
    "isValidate": false,
    "uuid": "f9042152-df96-459d-8705-99ac479adf6a"
  },
  {
    "baseType": 3,
    "name": "Token",
    "defaultValue": "",
    "description": "",
    "helpText": "",
    "isSystem": false,
    "minLength": 0,
    "maxLength": 1000,
    "validationRegex": "",
    "isValidate": false,
    "uuid": "f19f74d9-418c-447a-8153-269345d6f6cb"
  },
  {
    "baseType": 3,
    "name": "TopicArn",
    "defaultValue": "",
    "description": "",
    "helpText": "",
    "isSystem": false,
    "minLength": 0,
    "maxLength": 1000,
    "validationRegex": "",
    "isValidate": false,
    "uuid": "44596668-06f8-43a3-9e5b-d3adecd3671e"
  },
  {
    "baseType": 3,
    "name": "Trigger.ComparisonOperator",
    "defaultValue": "",
    "description": "",
    "helpText": "",
    "isSystem": false,
    "minLength": 0,
    "maxLength": 1000,
    "validationRegex": "",
    "isValidate": false,
    "uuid": "39075c41-2e49-4263-9e52-76337948eb85"
  },
  {
    "baseType": 3,
    "name": "Trigger.Dimensions",
    "defaultValue": "",
    "description": "",
    "helpText": "",
    "isSystem": false,
    "minLength": 0,
    "maxLength": 1000,
    "validationRegex": "",
    "isValidate": false,
    "uuid": "1a4ca8ee-8b03-4851-bbdf-9eae27e7efe6"
  },
  {
    "baseType": 3,
    "name": "Trigger.EvaluateLowSampleCountPercentile",
    "defaultValue": "",
    "description": "",
    "helpText": "",
    "isSystem": false,
    "minLength": 0,
    "maxLength": 1000,
    "validationRegex": "",
    "isValidate": false,
    "uuid": "d80a0b1c-6a2b-4efe-8c6d-cb6099750823"
  },
  {
    "baseType": 3,
    "name": "Trigger.EvaluationPeriods",
    "defaultValue": "",
    "description": "",
    "helpText": "",
    "isSystem": false,
    "minLength": 0,
    "maxLength": 1000,
    "validationRegex": "",
    "isValidate": false,
    "uuid": "4e994d38-859d-4994-b176-28ab6f9094bb"
  },
  {
    "baseType": 3,
    "name": "Trigger.MetricName",
    "defaultValue": "",
    "description": "",
    "helpText": "",
    "isSystem": false,
    "minLength": 0,
    "maxLength": 1000,
    "validationRegex": "",
    "isValidate": false,
    "uuid": "6fc1bab8-9847-473c-80ff-73ec1a13fb69"
  },
  {
    "baseType": 3,
    "name": "Trigger.Namespace",
    "defaultValue": "",
    "description": "",
    "helpText": "",
    "isSystem": false,
    "minLength": 0,
    "maxLength": 1000,
    "validationRegex": "",
    "isValidate": false,
    "uuid": "a80490e3-dde1-4a8c-bc21-06545d8740ed"
  },
  {
    "baseType": 3,
    "name": "Trigger.Period",
    "defaultValue": "",
    "description": "",
    "helpText": "",
    "isSystem": false,
    "minLength": 0,
    "maxLength": 1000,
    "validationRegex": "",
    "isValidate": false,
    "uuid": "50dbd8c2-3e60-4366-a6a4-b458ab510366"
  },
  {
    "baseType": 3,
    "name": "Trigger.Statistic",
    "defaultValue": "",
    "description": "",
    "helpText": "",
    "isSystem": false,
    "minLength": 0,
    "maxLength": 1000,
    "validationRegex": "",
    "isValidate": false,
    "uuid": "27eae7d5-8d33-441d-b075-14f91725f8c1"
  },
  {
    "baseType": 3,
    "name": "Trigger.StatisticType",
    "defaultValue": "",
    "description": "",
    "helpText": "",
    "isSystem": false,
    "minLength": 0,
    "maxLength": 1000,
    "validationRegex": "",
    "isValidate": false,
    "uuid": "51f2086e-eade-43e0-8f67-d012cb1aeb01"
  },
  {
    "baseType": 3,
    "name": "Trigger.Threshold",
    "defaultValue": "",
    "description": "",
    "helpText": "",
    "isSystem": false,
    "minLength": 0,
    "maxLength": 1000,
    "validationRegex": "",
    "isValidate": false,
    "uuid": "1657fb5e-75a8-49f6-b5d8-cd65746db259"
  },
  {
    "baseType": 3,
    "name": "Trigger.TreatMissingData",
    "defaultValue": "",
    "description": "",
    "helpText": "",
    "isSystem": false,
    "minLength": 0,
    "maxLength": 1000,
    "validationRegex": "",
    "isValidate": false,
    "uuid": "cc8eab6b-8769-434f-9e4f-d624dd10b2e3"
  },
  {
    "baseType": 3,
    "name": "Trigger.Unit",
    "defaultValue": "",
    "description": "",
    "helpText": "",
    "isSystem": false,
    "minLength": 0,
    "maxLength": 1000,
    "validationRegex": "",
    "isValidate": false,
    "uuid": "390375fc-5054-47b8-9953-d8f3adc73004"
  },
  {
    "baseType": 3,
    "name": "Type",
    "defaultValue": "",
    "description": "",
    "helpText": "",
    "isSystem": false,
    "minLength": 0,
    "maxLength": 1000,
    "validationRegex": "",
    "isValidate": false,
    "uuid": "18de6959-f127-43f7-a361-b870798d494c"
  }
]