[
  {
    "baseType": 3,
    "name": "AlarmDescription",
    "defaultValue": "",
    "description": "",
    "helpText": "",
    "isSystem": false,
    "minLength": 0,
    "maxLength": 2000,
    "validationRegex": "",
    "isValidate": false,
    "uuid": "e05cf9c0-0a0e-47ad-8198-3a8240e6fb01"
  },
  {
    "baseType": 3,
    "name": "AlarmName",
    "defaultValue": "",
    "description": "",
    "helpText": "",
    "isSystem": false,
    "minLength": 0,
    "maxLength": 200,
    "validationRegex": "",
    "isValidate": false,
    "uuid": "a780615b-921b-49d2-9eef-6ece1b374a34"
  },
  {
    "baseType": 3,
    "name": "AWSAccountId",
    "defaultValue": "",
    "description": "",
    "helpText": "",
    "isSystem": false,
    "minLength": 0,
    "maxLength": 50,
    "validationRegex": "",
    "isValidate": false,
    "uuid": "4342a151-9029-4d85-b702-7312a81df927"
  },
  {
    "baseType": 3,
    "name": "Message",
    "defaultValue": "",
    "description": "",
    "helpText": "",
    "isSystem": false,
    "minLength": 0,
    "maxLength": 20000,
    "validationRegex": "",
    "isValidate": false,
    "uuid": "0babd1ed-2777-4a4f-9111-8ed7666a60f1"
  },
  {
    "baseType": 3,
    "name": "MessageId",
    "defaultValue": "",
    "description": "",
    "helpText": "",
    "isSystem": false,
    "minLength": 0,
    "maxLength": 100,
    "validationRegex": "",
    "isValidate": false,
    "uuid": "a68eb0ee-9b02-4ce8-bec8-84afc8a9c4eb"
  },
  {
    "baseType": 3,
    "name": "NewStateReason",
    "defaultValue": "",
    "description": "",
    "helpText": "",
    "isSystem": false,
    "minLength": 0,
    "maxLength": 300,
    "validationRegex": "",
    "isValidate": false,
    "uuid": "b6ceb5c6-4154-408e-8d62-d141376cab13"
  },
  {
    "baseType": 3,
    "name": "NewStateValue",
    "defaultValue": "",
    "description": "",
    "helpText": "",
    "isSystem": false,
    "minLength": 0,
    "maxLength": 30,
    "validationRegex": "",
    "isValidate": false,
    "uuid": "49a35e8f-a788-4dc8-91f8-400fab62a66b"
  },
  {
    "baseType": 3,
    "name": "OldStateValue",
    "defaultValue": "",
    "description": "",
    "helpText": "",
    "isSystem": false,
    "minLength": 0,
    "maxLength": 30,
    "validationRegex": "",
    "isValidate": false,
    "uuid": "dedebecf-19d7-4703-b2f5-3e9b3782e8b5"
  },
  {
    "baseType": 3,
    "name": "Region",
    "defaultValue": "",
    "description": "",
    "helpText": "",
    "isSystem": false,
    "minLength": 0,
    "maxLength": 100,
    "validationRegex": "",
    "isValidate": false,
    "uuid": "fcdf1f5e-787c-49a2-a9b5-a4759c1f9f13"
  },
  {
    "baseType": 3,
    "name": "Signature",
    "defaultValue": "",
    "description": "",
    "helpText": "",
    "isSystem": false,
    "minLength": 0,
    "maxLength": 400,
    "validationRegex": "",
    "isValidate": false,
    "uuid": "8d99f396-ea66-4844-9787-41b462ed18f6"
  },
  {
    "baseType": 3,
    "name": "SignatureVersion",
    "defaultValue": "",
    "description": "",
    "helpText": "",
    "isSystem": false,
    "minLength": 0,
    "maxLength": 30,
    "validationRegex": "",
    "isValidate": false,
    "uuid": "00d7bd03-2854-4298-b482-ab2b91e7e9f2"
  },
  {
    "baseType": 3,
    "name": "SigningCertURL",
    "defaultValue": "",
    "description": "",
    "helpText": "",
    "isSystem": false,
    "minLength": 0,
    "maxLength": 400,
    "validationRegex": "",
    "isValidate": false,
    "uuid": "afdf07b0-a4e6-4e2c-95b7-3024ec089a1b"
  },
  {
    "baseType": 3,
    "name": "StateChangeTime",
    "defaultValue": "",
    "description": "",
    "helpText": "",
    "isSystem": false,
    "minLength": 0,
    "maxLength": 50,
    "validationRegex": "",
    "isValidate": false,
    "uuid": "69153e4e-3f99-4925-a110-9dee3d027a46"
  },
  {
    "baseType": 3,
    "name": "Subject",
    "defaultValue": "",
    "description": "",
    "helpText": "",
    "isSystem": false,
    "minLength": 0,
    "maxLength": 200,
    "validationRegex": "",
    "isValidate": false,
    "uuid": "5ba2e5d0-2e2e-48af-aeba-9512bc6dec52"
  },
  {
    "baseType": 3,
    "name": "SubscribeURL",
    "defaultValue": "",
    "description": "",
    "helpText": "",
    "isSystem": false,
    "minLength": 0,
    "maxLength": 500,
    "validationRegex": "",
    "isValidate": false,
    "uuid": "7cd57cd0-af85-4b0d-95d2-9d6e4aa8b901"
  },
  {
    "baseType": 3,
    "name": "Timestamp",
    "defaultValue": "",
    "description": "",
    "helpText": "",
    "isSystem": false,
    "minLength": 0,
    "maxLength": 50,
    "validationRegex": "",
    "isValidate": false,
    "uuid": "da4f22ad-6a78-4da9-a29d-08f64b095d9c"
  },
  {
    "baseType": 3,
    "name": "Token",
    "defaultValue": "",
    "description": "",
    "helpText": "",
    "isSystem": false,
    "minLength": 0,
    "maxLength": 500,
    "validationRegex": "",
    "isValidate": false,
    "uuid": "510cca4f-9b9d-48df-bae1-31911a5f7403"
  },
  {
    "baseType": 3,
    "name": "TopicArn",
    "defaultValue": "",
    "description": "",
    "helpText": "",
    "isSystem": false,
    "minLength": 0,
    "maxLength": 400,
    "validationRegex": "",
    "isValidate": false,
    "uuid": "d073f9db-9def-42a1-89cc-418ccb57cabe"
  },
  {
    "baseType": 3,
    "name": "Trigger.ComparisonOperator",
    "defaultValue": "",
    "description": "",
    "helpText": "",
    "isSystem": false,
    "minLength": 0,
    "maxLength": 400,
    "validationRegex": "",
    "isValidate": false,
    "uuid": "50e25157-bf1c-47ac-9cbe-81ce9b55631b"
  },
  {
    "baseType": 3,
    "name": "Trigger.Dimensions",
    "defaultValue": "",
    "description": "",
    "helpText": "",
    "isSystem": false,
    "minLength": 0,
    "maxLength": 500,
    "validationRegex": "",
    "isValidate": false,
    "uuid": "b421525d-2e97-4f59-bfd1-847abd76ee38"
  },
  {
    "baseType": 3,
    "name": "Trigger.EvaluateLowSampleCountPercentile",
    "defaultValue": "",
    "description": "",
    "helpText": "",
    "isSystem": false,
    "minLength": 0,
    "maxLength": 50,
    "validationRegex": "",
    "isValidate": false,
    "uuid": "bb48f34d-cdd9-4d92-91b6-78c84a10f1e3"
  },
  {
    "baseType": 3,
    "name": "Trigger.EvaluationPeriods",
    "defaultValue": "",
    "description": "",
    "helpText": "",
    "isSystem": false,
    "minLength": 0,
    "maxLength": 500,
    "validationRegex": "",
    "isValidate": false,
    "uuid": "1901f718-37fc-41a9-97eb-48cc5978f6c9"
  },
  {
    "baseType": 3,
    "name": "Trigger.MetricName",
    "defaultValue": "",
    "description": "",
    "helpText": "",
    "isSystem": false,
    "minLength": 0,
    "maxLength": 500,
    "validationRegex": "",
    "isValidate": false,
    "uuid": "17465e00-ad6c-4926-b461-cc22d8ba4939"
  },
  {
    "baseType": 3,
    "name": "Trigger.Namespace",
    "defaultValue": "",
    "description": "",
    "helpText": "",
    "isSystem": false,
    "minLength": 0,
    "maxLength": 500,
    "validationRegex": "",
    "isValidate": false,
    "uuid": "0d1f0307-bf58-4409-83d0-4eeab771e7cb"
  },
  {
    "baseType": 3,
    "name": "Trigger.Period",
    "defaultValue": "",
    "description": "",
    "helpText": "",
    "isSystem": false,
    "minLength": 0,
    "maxLength": 500,
    "validationRegex": "",
    "isValidate": false,
    "uuid": "b1134a71-069d-49ca-adb2-391ad5f44191"
  },
  {
    "baseType": 3,
    "name": "Trigger.Statistic",
    "defaultValue": "",
    "description": "",
    "helpText": "",
    "isSystem": false,
    "minLength": 0,
    "maxLength": 500,
    "validationRegex": "",
    "isValidate": false,
    "uuid": "42d8514a-e861-4350-91e1-2ebba6b8b014"
  },
  {
    "baseType": 3,
    "name": "Trigger.StatisticType",
    "defaultValue": "",
    "description": "",
    "helpText": "",
    "isSystem": false,
    "minLength": 0,
    "maxLength": 500,
    "validationRegex": "",
    "isValidate": false,
    "uuid": "f3f185a6-bbe2-44cc-9912-cc60fa8b10bd"
  },
  {
    "baseType": 3,
    "name": "Trigger.Threshold",
    "defaultValue": "",
    "description": "",
    "helpText": "",
    "isSystem": false,
    "minLength": 0,
    "maxLength": 50,
    "validationRegex": "",
    "isValidate": false,
    "uuid": "056d5946-645d-4f1e-9139-c640d10c061a"
  },
  {
    "baseType": 3,
    "name": "Trigger.TreatMissingData",
    "defaultValue": "",
    "description": "",
    "helpText": "",
    "isSystem": false,
    "minLength": 0,
    "maxLength": 50,
    "validationRegex": "",
    "isValidate": false,
    "uuid": "a5c477fd-f69a-4fd3-80dc-4389f5c3bbae"
  },
  {
    "baseType": 3,
    "name": "Trigger.Unit",
    "defaultValue": "",
    "description": "",
    "helpText": "",
    "isSystem": false,
    "minLength": 0,
    "maxLength": 50,
    "validationRegex": "",
    "isValidate": false,
    "uuid": "11d15103-21b7-4145-b89f-56c89a5711ff"
  },
  {
    "baseType": 3,
    "name": "Type",
    "defaultValue": "",
    "description": "",
    "helpText": "",
    "isSystem": false,
    "minLength": 0,
    "maxLength": 40,
    "validationRegex": "",
    "isValidate": false,
    "uuid": "5fd5477c-9ba3-4106-ab49-d59522d2bb89"
  }
]