[
  {
    "baseType": 3,
    "name": "AlarmDescription",
    "defaultValue": "",
    "description": "",
    "helpText": "",
    "isSystem": false,
    "minLength": 0,
    "maxLength": 2000,
    "validationRegex": "",
    "isValidate": false,
    "uuid": "3755b9c8-c9a7-4675-84ea-0b5de29e638f"
  },
  {
    "baseType": 3,
    "name": "AlarmName",
    "defaultValue": "",
    "description": "",
    "helpText": "",
    "isSystem": false,
    "minLength": 0,
    "maxLength": 200,
    "validationRegex": "",
    "isValidate": false,
    "uuid": "9313ae0e-5ede-4abd-8ed1-7add98b86b28"
  },
  {
    "baseType": 3,
    "name": "AWSAccountId",
    "defaultValue": "",
    "description": "",
    "helpText": "",
    "isSystem": false,
    "minLength": 0,
    "maxLength": 50,
    "validationRegex": "",
    "isValidate": false,
    "uuid": "76c99bef-6799-40b1-a53e-f9e0f3bb9dfe"
  },
  {
    "baseType": 3,
    "name": "Message",
    "defaultValue": "",
    "description": "",
    "helpText": "",
    "isSystem": false,
    "minLength": 0,
    "maxLength": 20000,
    "validationRegex": "",
    "isValidate": false,
    "uuid": "4004c656-8c69-43fb-bf40-33289f7a3e94"
  },
  {
    "baseType": 3,
    "name": "MessageId",
    "defaultValue": "",
    "description": "",
    "helpText": "",
    "isSystem": false,
    "minLength": 0,
    "maxLength": 100,
    "validationRegex": "",
    "isValidate": false,
    "uuid": "485c6dc4-89aa-46c5-85a6-25ab6b24b37a"
  },
  {
    "baseType": 3,
    "name": "NewStateReason",
    "defaultValue": "",
    "description": "",
    "helpText": "",
    "isSystem": false,
    "minLength": 0,
    "maxLength": 300,
    "validationRegex": "",
    "isValidate": false,
    "uuid": "29ab240e-ee66-41bf-956a-20dbadb3937e"
  },
  {
    "baseType": 3,
    "name": "NewStateValue",
    "defaultValue": "",
    "description": "",
    "helpText": "",
    "isSystem": false,
    "minLength": 0,
    "maxLength": 30,
    "validationRegex": "",
    "isValidate": false,
    "uuid": "068c700d-802f-4986-ac4e-149fa1f1fab5"
  },
  {
    "baseType": 3,
    "name": "OldStateValue",
    "defaultValue": "",
    "description": "",
    "helpText": "",
    "isSystem": false,
    "minLength": 0,
    "maxLength": 30,
    "validationRegex": "",
    "isValidate": false,
    "uuid": "9967913f-73b7-41c1-9977-ea70d37745c9"
  },
  {
    "baseType": 3,
    "name": "Region",
    "defaultValue": "",
    "description": "",
    "helpText": "",
    "isSystem": false,
    "minLength": 0,
    "maxLength": 100,
    "validationRegex": "",
    "isValidate": false,
    "uuid": "da9712df-a001-44de-be44-25746cb8a008"
  },
  {
    "baseType": 3,
    "name": "Signature",
    "defaultValue": "",
    "description": "",
    "helpText": "",
    "isSystem": false,
    "minLength": 0,
    "maxLength": 400,
    "validationRegex": "",
    "isValidate": false,
    "uuid": "489ff0f3-77ec-483a-9828-73c4c3e42b4f"
  },
  {
    "baseType": 3,
    "name": "SignatureVersion",
    "defaultValue": "",
    "description": "",
    "helpText": "",
    "isSystem": false,
    "minLength": 0,
    "maxLength": 30,
    "validationRegex": "",
    "isValidate": false,
    "uuid": "afb79e3a-48f2-4af6-a49e-70193da2d3cf"
  },
  {
    "baseType": 3,
    "name": "SigningCertURL",
    "defaultValue": "",
    "description": "",
    "helpText": "",
    "isSystem": false,
    "minLength": 0,
    "maxLength": 400,
    "validationRegex": "",
    "isValidate": false,
    "uuid": "a85d43d4-d1da-46b5-a202-885dceaa20c3"
  },
  {
    "baseType": 3,
    "name": "StateChangeTime",
    "defaultValue": "",
    "description": "",
    "helpText": "",
    "isSystem": false,
    "minLength": 0,
    "maxLength": 50,
    "validationRegex": "",
    "isValidate": false,
    "uuid": "36af2b86-b89b-466f-85bc-5551cc59d046"
  },
  {
    "baseType": 3,
    "name": "Subject",
    "defaultValue": "",
    "description": "",
    "helpText": "",
    "isSystem": false,
    "minLength": 0,
    "maxLength": 200,
    "validationRegex": "",
    "isValidate": false,
    "uuid": "bb949111-6c4a-47b8-87ca-495d6149bf16"
  },
  {
    "baseType": 3,
    "name": "SubscribeURL",
    "defaultValue": "",
    "description": "",
    "helpText": "",
    "isSystem": false,
    "minLength": 0,
    "maxLength": 500,
    "validationRegex": "",
    "isValidate": false,
    "uuid": "bbbd10ef-0378-4ee9-a249-a8fa72efeffe"
  },
  {
    "baseType": 3,
    "name": "Timestamp",
    "defaultValue": "",
    "description": "",
    "helpText": "",
    "isSystem": false,
    "minLength": 0,
    "maxLength": 50,
    "validationRegex": "",
    "isValidate": false,
    "uuid": "911f3475-ca44-4679-91b9-9c11a6b66a47"
  },
  {
    "baseType": 3,
    "name": "Token",
    "defaultValue": "",
    "description": "",
    "helpText": "",
    "isSystem": false,
    "minLength": 0,
    "maxLength": 500,
    "validationRegex": "",
    "isValidate": false,
    "uuid": "95626c17-cf2b-493f-a3e9-db801d171947"
  },
  {
    "baseType": 3,
    "name": "TopicArn",
    "defaultValue": "",
    "description": "",
    "helpText": "",
    "isSystem": false,
    "minLength": 0,
    "maxLength": 400,
    "validationRegex": "",
    "isValidate": false,
    "uuid": "ed471579-e2db-4cd1-b9f8-d6587d936c59"
  },
  {
    "baseType": 3,
    "name": "Trigger.ComparisonOperator",
    "defaultValue": "",
    "description": "",
    "helpText": "",
    "isSystem": false,
    "minLength": 0,
    "maxLength": 400,
    "validationRegex": "",
    "isValidate": false,
    "uuid": "56432290-1e1a-47c7-aa2e-63d9e497c143"
  },
  {
    "baseType": 3,
    "name": "Trigger.Dimensions",
    "defaultValue": "",
    "description": "",
    "helpText": "",
    "isSystem": false,
    "minLength": 0,
    "maxLength": 500,
    "validationRegex": "",
    "isValidate": false,
    "uuid": "8460ae45-1f97-436a-8a1f-f6e2eff759ea"
  },
  {
    "baseType": 3,
    "name": "Trigger.EvaluateLowSampleCountPercentile",
    "defaultValue": "",
    "description": "",
    "helpText": "",
    "isSystem": false,
    "minLength": 0,
    "maxLength": 50,
    "validationRegex": "",
    "isValidate": false,
    "uuid": "cadc67dd-ecb2-4653-820e-76b8b1e13825"
  },
  {
    "baseType": 3,
    "name": "Trigger.EvaluationPeriods",
    "defaultValue": "",
    "description": "",
    "helpText": "",
    "isSystem": false,
    "minLength": 0,
    "maxLength": 500,
    "validationRegex": "",
    "isValidate": false,
    "uuid": "e99861a4-e32f-492b-bbfb-3f52b00ab3d7"
  },
  {
    "baseType": 3,
    "name": "Trigger.MetricName",
    "defaultValue": "",
    "description": "",
    "helpText": "",
    "isSystem": false,
    "minLength": 0,
    "maxLength": 500,
    "validationRegex": "",
    "isValidate": false,
    "uuid": "c58b65ff-b596-4dcb-a3b8-630d00fb276a"
  },
  {
    "baseType": 3,
    "name": "Trigger.Namespace",
    "defaultValue": "",
    "description": "",
    "helpText": "",
    "isSystem": false,
    "minLength": 0,
    "maxLength": 500,
    "validationRegex": "",
    "isValidate": false,
    "uuid": "8e27fba5-c22d-462a-b0d8-c45a86e3f33e"
  },
  {
    "baseType": 3,
    "name": "Trigger.Period",
    "defaultValue": "",
    "description": "",
    "helpText": "",
    "isSystem": false,
    "minLength": 0,
    "maxLength": 500,
    "validationRegex": "",
    "isValidate": false,
    "uuid": "ea9b11b4-dc05-43df-8466-de0dac895c11"
  },
  {
    "baseType": 3,
    "name": "Trigger.Statistic",
    "defaultValue": "",
    "description": "",
    "helpText": "",
    "isSystem": false,
    "minLength": 0,
    "maxLength": 500,
    "validationRegex": "",
    "isValidate": false,
    "uuid": "89399b23-9816-484b-9aed-d2cdccd0781e"
  },
  {
    "baseType": 3,
    "name": "Trigger.StatisticType",
    "defaultValue": "",
    "description": "",
    "helpText": "",
    "isSystem": false,
    "minLength": 0,
    "maxLength": 500,
    "validationRegex": "",
    "isValidate": false,
    "uuid": "56d42acb-6a0c-4d25-b39f-a1e6a8b23873"
  },
  {
    "baseType": 3,
    "name": "Trigger.Threshold",
    "defaultValue": "",
    "description": "",
    "helpText": "",
    "isSystem": false,
    "minLength": 0,
    "maxLength": 50,
    "validationRegex": "",
    "isValidate": false,
    "uuid": "fb6ffd4b-f2b8-4a07-b070-cccde92c4060"
  },
  {
    "baseType": 3,
    "name": "Trigger.TreatMissingData",
    "defaultValue": "",
    "description": "",
    "helpText": "",
    "isSystem": false,
    "minLength": 0,
    "maxLength": 50,
    "validationRegex": "",
    "isValidate": false,
    "uuid": "c6359901-14bb-4947-93cf-7f60ef96fcdc"
  },
  {
    "baseType": 3,
    "name": "Trigger.Unit",
    "defaultValue": "",
    "description": "",
    "helpText": "",
    "isSystem": false,
    "minLength": 0,
    "maxLength": 50,
    "validationRegex": "",
    "isValidate": false,
    "uuid": "1f0373d4-3d92-4e1c-82bd-d83bd84c1d97"
  },
  {
    "baseType": 3,
    "name": "Type",
    "defaultValue": "",
    "description": "",
    "helpText": "",
    "isSystem": false,
    "minLength": 0,
    "maxLength": 40,
    "validationRegex": "",
    "isValidate": false,
    "uuid": "4b1b662f-e3ec-49a1-bc77-b2e8c2f10f5c"
  }
]