[
  {
    "baseType": 3,
    "name": "AlarmDescription",
    "defaultValue": "",
    "description": "",
    "helpText": "",
    "isSystem": false,
    "minLength": 0,
    "maxLength": 20000,
    "validationRegex": "",
    "isValidate": false,
    "uuid": "0cf60ca7-b3ef-4539-b17b-15606d360cb6"
  },
  {
    "baseType": 3,
    "name": "AlarmName",
    "defaultValue": "",
    "description": "",
    "helpText": "",
    "isSystem": false,
    "minLength": 0,
    "maxLength": 1000,
    "validationRegex": "",
    "isValidate": false,
    "uuid": "4ea3fda2-a69b-4315-bb67-24326c6cf35a"
  },
  {
    "baseType": 3,
    "name": "AWSAccountId",
    "defaultValue": "",
    "description": "",
    "helpText": "",
    "isSystem": false,
    "minLength": 0,
    "maxLength": 1000,
    "validationRegex": "",
    "isValidate": false,
    "uuid": "192ad704-bdea-44a9-a110-105c852c72a4"
  },
  {
    "baseType": 3,
    "name": "Message",
    "defaultValue": "",
    "description": "",
    "helpText": "",
    "isSystem": false,
    "minLength": 0,
    "maxLength": 20000,
    "validationRegex": "",
    "isValidate": false,
    "uuid": "48dc7ddc-da8a-4b4f-b29e-341ecbf01301"
  },
  {
    "baseType": 3,
    "name": "MessageId",
    "defaultValue": "",
    "description": "",
    "helpText": "",
    "isSystem": false,
    "minLength": 0,
    "maxLength": 1000,
    "validationRegex": "",
    "isValidate": false,
    "uuid": "71c910aa-5c39-42cd-ae41-37dc6bc1a5f6"
  },
  {
    "baseType": 3,
    "name": "NewStateReason",
    "defaultValue": "",
    "description": "",
    "helpText": "",
    "isSystem": false,
    "minLength": 0,
    "maxLength": 1000,
    "validationRegex": "",
    "isValidate": false,
    "uuid": "a4abac9e-43bd-44d0-850f-7a51f26a4af8"
  },
  {
    "baseType": 3,
    "name": "NewStateValue",
    "defaultValue": "",
    "description": "",
    "helpText": "",
    "isSystem": false,
    "minLength": 0,
    "maxLength": 1000,
    "validationRegex": "",
    "isValidate": false,
    "uuid": "d25f08a6-46e8-4f97-aa1f-12e1d111426a"
  },
  {
    "baseType": 3,
    "name": "OldStateValue",
    "defaultValue": "",
    "description": "",
    "helpText": "",
    "isSystem": false,
    "minLength": 0,
    "maxLength": 1000,
    "validationRegex": "",
    "isValidate": false,
    "uuid": "59ae8f34-15ff-47da-a538-4ef6cd79d5a0"
  },
  {
    "baseType": 3,
    "name": "Region",
    "defaultValue": "",
    "description": "",
    "helpText": "",
    "isSystem": false,
    "minLength": 0,
    "maxLength": 1000,
    "validationRegex": "",
    "isValidate": false,
    "uuid": "d95a125e-d74d-4066-9cc2-e786f59cae96"
  },
  {
    "baseType": 3,
    "name": "Signature",
    "defaultValue": "",
    "description": "",
    "helpText": "",
    "isSystem": false,
    "minLength": 0,
    "maxLength": 1000,
    "validationRegex": "",
    "isValidate": false,
    "uuid": "ea319aaf-02a3-46a8-b26b-b084e487f11c"
  },
  {
    "baseType": 3,
    "name": "SignatureVersion",
    "defaultValue": "",
    "description": "",
    "helpText": "",
    "isSystem": false,
    "minLength": 0,
    "maxLength": 1000,
    "validationRegex": "",
    "isValidate": false,
    "uuid": "dc025a62-54a9-451f-b00c-65daac871cce"
  },
  {
    "baseType": 3,
    "name": "SigningCertURL",
    "defaultValue": "",
    "description": "",
    "helpText": "",
    "isSystem": false,
    "minLength": 0,
    "maxLength": 1000,
    "validationRegex": "",
    "isValidate": false,
    "uuid": "5c9a2781-e3a8-4e64-a3c1-134cfc0887b1"
  },
  {
    "baseType": 3,
    "name": "StateChangeTime",
    "defaultValue": "",
    "description": "",
    "helpText": "",
    "isSystem": false,
    "minLength": 0,
    "maxLength": 1000,
    "validationRegex": "",
    "isValidate": false,
    "uuid": "e022d250-a8fe-48d5-a412-fc37376dd8be"
  },
  {
    "baseType": 3,
    "name": "Subject",
    "defaultValue": "",
    "description": "",
    "helpText": "",
    "isSystem": false,
    "minLength": 0,
    "maxLength": 1000,
    "validationRegex": "",
    "isValidate": false,
    "uuid": "69bda75f-e23d-49c3-8ba7-e0ce95fad686"
  },
  {
    "baseType": 3,
    "name": "SubscribeURL",
    "defaultValue": "",
    "description": "",
    "helpText": "",
    "isSystem": false,
    "minLength": 0,
    "maxLength": 1000,
    "validationRegex": "",
    "isValidate": false,
    "uuid": "bfb3125c-6a17-499b-97b7-e9a53a02c0bb"
  },
  {
    "baseType": 3,
    "name": "Timestamp",
    "defaultValue": "",
    "description": "",
    "helpText": "",
    "isSystem": false,
    "minLength": 0,
    "maxLength": 1000,
    "validationRegex": "",
    "isValidate": false,
    "uuid": "c9907476-abd0-4423-98ea-5013f52ead26"
  },
  {
    "baseType": 3,
    "name": "Token",
    "defaultValue": "",
    "description": "",
    "helpText": "",
    "isSystem": false,
    "minLength": 0,
    "maxLength": 1000,
    "validationRegex": "",
    "isValidate": false,
    "uuid": "9daf08aa-e017-45b5-9573-f1d3df565bc0"
  },
  {
    "baseType": 3,
    "name": "TopicArn",
    "defaultValue": "",
    "description": "",
    "helpText": "",
    "isSystem": false,
    "minLength": 0,
    "maxLength": 1000,
    "validationRegex": "",
    "isValidate": false,
    "uuid": "90b0d08d-35ae-4568-85c5-d20fbd28da7b"
  },
  {
    "baseType": 3,
    "name": "Trigger.ComparisonOperator",
    "defaultValue": "",
    "description": "",
    "helpText": "",
    "isSystem": false,
    "minLength": 0,
    "maxLength": 1000,
    "validationRegex": "",
    "isValidate": false,
    "uuid": "2835b717-dfde-4360-95c3-4979c35b1ee4"
  },
  {
    "baseType": 3,
    "name": "Trigger.Dimensions",
    "defaultValue": "",
    "description": "",
    "helpText": "",
    "isSystem": false,
    "minLength": 0,
    "maxLength": 1000,
    "validationRegex": "",
    "isValidate": false,
    "uuid": "787fe8b8-98a9-47c9-807d-00fd2301d2c8"
  },
  {
    "baseType": 3,
    "name": "Trigger.EvaluateLowSampleCountPercentile",
    "defaultValue": "",
    "description": "",
    "helpText": "",
    "isSystem": false,
    "minLength": 0,
    "maxLength": 1000,
    "validationRegex": "",
    "isValidate": false,
    "uuid": "7135ee33-7b36-4b3b-adb1-b10c70ebe5b6"
  },
  {
    "baseType": 3,
    "name": "Trigger.EvaluationPeriods",
    "defaultValue": "",
    "description": "",
    "helpText": "",
    "isSystem": false,
    "minLength": 0,
    "maxLength": 1000,
    "validationRegex": "",
    "isValidate": false,
    "uuid": "a73ea3f8-7e9e-4c20-828f-85e7cb50f6d5"
  },
  {
    "baseType": 3,
    "name": "Trigger.MetricName",
    "defaultValue": "",
    "description": "",
    "helpText": "",
    "isSystem": false,
    "minLength": 0,
    "maxLength": 1000,
    "validationRegex": "",
    "isValidate": false,
    "uuid": "8922d49c-72c1-46f7-8013-a227c4b6f9f2"
  },
  {
    "baseType": 3,
    "name": "Trigger.Namespace",
    "defaultValue": "",
    "description": "",
    "helpText": "",
    "isSystem": false,
    "minLength": 0,
    "maxLength": 1000,
    "validationRegex": "",
    "isValidate": false,
    "uuid": "7c633d2e-3e0f-4118-b9d8-e3d35a8dad5d"
  },
  {
    "baseType": 3,
    "name": "Trigger.Period",
    "defaultValue": "",
    "description": "",
    "helpText": "",
    "isSystem": false,
    "minLength": 0,
    "maxLength": 1000,
    "validationRegex": "",
    "isValidate": false,
    "uuid": "4e6f81f6-8e73-430a-a08b-9e4d7411949f"
  },
  {
    "baseType": 3,
    "name": "Trigger.Statistic",
    "defaultValue": "",
    "description": "",
    "helpText": "",
    "isSystem": false,
    "minLength": 0,
    "maxLength": 1000,
    "validationRegex": "",
    "isValidate": false,
    "uuid": "8946400c-872c-45a0-ad06-6bac4d33d925"
  },
  {
    "baseType": 3,
    "name": "Trigger.StatisticType",
    "defaultValue": "",
    "description": "",
    "helpText": "",
    "isSystem": false,
    "minLength": 0,
    "maxLength": 1000,
    "validationRegex": "",
    "isValidate": false,
    "uuid": "f34f463b-096e-4551-b3c0-539bbbe8eea0"
  },
  {
    "baseType": 3,
    "name": "Trigger.Threshold",
    "defaultValue": "",
    "description": "",
    "helpText": "",
    "isSystem": false,
    "minLength": 0,
    "maxLength": 1000,
    "validationRegex": "",
    "isValidate": false,
    "uuid": "503572ec-5358-4f68-80c9-521def2a97c5"
  },
  {
    "baseType": 3,
    "name": "Trigger.TreatMissingData",
    "defaultValue": "",
    "description": "",
    "helpText": "",
    "isSystem": false,
    "minLength": 0,
    "maxLength": 1000,
    "validationRegex": "",
    "isValidate": false,
    "uuid": "e0d8e6e9-eb5c-40ba-8c31-389518075482"
  },
  {
    "baseType": 3,
    "name": "Trigger.Unit",
    "defaultValue": "",
    "description": "",
    "helpText": "",
    "isSystem": false,
    "minLength": 0,
    "maxLength": 1000,
    "validationRegex": "",
    "isValidate": false,
    "uuid": "e3fec09f-7a82-41de-b2a8-f946e2c39b5e"
  },
  {
    "baseType": 3,
    "name": "Type",
    "defaultValue": "",
    "description": "",
    "helpText": "",
    "isSystem": false,
    "minLength": 0,
    "maxLength": 1000,
    "validationRegex": "",
    "isValidate": false,
    "uuid": "7f1c859a-42e4-46ff-a67f-df318ae448e8"
  }
]