{
  "name": "CloudWatch Alarm Workflow",
  "form": "37e24b54-7f1d-4519-aa31-cc73900b8ac7",
  "blocks": [
    {
      "id": "b0e56e30-fd74-43f8-bda8-f574be0bbb9f",
      "label": "CloudWatch Alarm - Inbound from SNS",
      "environment": "HOSTED",
      "presentation": "{\"w\":60,\"x\":-123,\"h\":60,\"y\":-150}",
      "step": "93b83837-8e09-4f27-82ae-508d8bd0fa3b",
      "stepType": "INTEGRATION"
    },
    {
      "id": "2981095b-6f47-4cf6-8337-0ecf84ca023a",
      "label": "Event Count",
      "environment": "HOSTED",
      "presentation": "{\"w\":60,\"x\":680,\"h\":60,\"y\":160}",
      "stepType": "SWITCH",
      "inputMappings": [
        {
          "inputPort": "input",
          "mapping": "${e685af08-ac41-469e-b21f-9f500de4aa75.Number of Event IDs Returned}"
        }
      ],
      "switchCases": [
        {
          "caseId": "a62de857-a33e-4323-ac3d-a5a684a26c2c",
          "caseValue": "0"
        }
      ]
    },
    {
      "id": "e685af08-ac41-469e-b21f-9f500de4aa75",
      "label": "Get ACTIVE events for AlarmName",
      "environment": "HOSTED",
      "presentation": "{\"w\":60,\"x\":511,\"h\":60,\"y\":300}",
      "step": "f36cf6ba-2225-5cb3-831f-030a05527c72",
      "stepType": "SCRIPT_STEP",
      "inputMappings": [
        {
          "inputPort": "input",
          "mapping": "ACTIVE",
          "stepInput": "fa86536b-3508-56de-884b-503596bd64c2"
        },
        {
          "inputPort": "input",
          "mapping": "TopicARN#en",
          "stepInput": "72cd05cc-dfe2-5933-b85c-edcf1df9f56f"
        },
        {
          "inputPort": "input",
          "mapping": "${b0e56e30-fd74-43f8-bda8-f574be0bbb9f.TopicArn}",
          "stepInput": "b58893a5-ffaf-502d-982b-613dcd7b2232"
        },
        {
          "inputPort": "input",
          "mapping": "TRUE",
          "stepInput": "3bb89cc9-b89f-5291-9c54-1da7bc6c051a"
        },
        {
          "inputPort": "input",
          "mapping": "AWS - CloudWatch",
          "stepInput": "2cdea754-ab00-580e-a138-e46854bd93ae"
        }
      ]
    },
    {
      "id": "59227e49-7384-4e06-bb22-f08f47ef6370",
      "label": "NewState?",
      "environment": "HOSTED",
      "presentation": "{\"w\":60,\"x\":341,\"h\":60,\"y\":165}",
      "stepType": "SWITCH",
      "inputMappings": [
        {
          "inputPort": "input",
          "mapping": "${b0e56e30-fd74-43f8-bda8-f574be0bbb9f.NewStateValue}"
        }
      ],
      "switchCases": [
        {
          "caseId": "3b1edb74-fa73-401a-a594-fc4ef92a186a",
          "caseValue": "OK"
        },
        {
          "caseId": "b23852f0-2db8-4486-b404-902ef17acc8f",
          "caseValue": "ALARM"
        }
      ]
    },
    {
      "id": "e23a645b-ccb6-4a73-8195-ac6433211d70",
      "label": "Sub Conf?",
      "environment": "HOSTED",
      "presentation": "{\"w\":60,\"x\":129,\"h\":60,\"y\":-135}",
      "stepType": "SWITCH",
      "inputMappings": [
        {
          "inputPort": "input",
          "mapping": "${b0e56e30-fd74-43f8-bda8-f574be0bbb9f.Type}"
        }
      ],
      "switchCases": [
        {
          "caseId": "178eb1fc-b3ff-455a-9694-3ecaf2908d20",
          "caseValue": "SubscriptionConfirmation"
        }
      ]
    },
    {
      "id": "03f827ff-be87-49f1-9e61-14a8f422d217",
      "label": "Terminate Events",
      "environment": "HOSTED",
      "presentation": "{\"w\":60,\"x\":851,\"h\":60,\"y\":445}",
      "step": "798e3053-b4b4-5e8c-ba84-8a11c3be6237",
      "stepType": "SCRIPT_STEP",
      "inputMappings": [
        {
          "inputPort": "input",
          "mapping": "${e685af08-ac41-469e-b21f-9f500de4aa75.Event IDs}",
          "stepInput": "4fdf2591-4925-5682-8911-f0163d7f98dd"
        }
      ]
    },
    {
      "id": "014fdbf9-91c2-4217-9275-ed6b08540205",
      "label": "xMatters Create Event - CloudWatch Alarm",
      "environment": "HOSTED",
      "presentation": "{\"w\":60,\"x\":675,\"h\":60,\"y\":687}",
      "step": "37e24b54-7f1d-4519-aa31-cc73900b8ac7",
      "stepType": "CREATE_EVENT",
      "inputMappings": [
        {
          "inputPort": "input",
          "mapping": "${b0e56e30-fd74-43f8-bda8-f574be0bbb9f.Trigger.Unit}",
          "sectionItemKey": "e3fec09f-7a82-41de-b2a8-f946e2c39b5e"
        },
        {
          "inputPort": "input",
          "mapping": "${b0e56e30-fd74-43f8-bda8-f574be0bbb9f.AWSAccountId}",
          "sectionItemKey": "192ad704-bdea-44a9-a110-105c852c72a4"
        },
        {
          "inputPort": "input",
          "mapping": "${b0e56e30-fd74-43f8-bda8-f574be0bbb9f.TopicArn}",
          "sectionItemKey": "90b0d08d-35ae-4568-85c5-d20fbd28da7b"
        },
        {
          "inputPort": "input",
          "mapping": "${b0e56e30-fd74-43f8-bda8-f574be0bbb9f.Trigger.StatisticType}",
          "sectionItemKey": "f34f463b-096e-4551-b3c0-539bbbe8eea0"
        },
        {
          "inputPort": "input",
          "mapping": "${b0e56e30-fd74-43f8-bda8-f574be0bbb9f.Subject}",
          "sectionItemKey": "69bda75f-e23d-49c3-8ba7-e0ce95fad686"
        },
        {
          "inputPort": "input",
          "mapping": "${b0e56e30-fd74-43f8-bda8-f574be0bbb9f.Trigger.Namespace}",
          "sectionItemKey": "7c633d2e-3e0f-4118-b9d8-e3d35a8dad5d"
        },
        {
          "inputPort": "input",
          "mapping": "${b0e56e30-fd74-43f8-bda8-f574be0bbb9f.Trigger.Statistic}",
          "sectionItemKey": "8946400c-872c-45a0-ad06-6bac4d33d925"
        },
        {
          "inputPort": "input",
          "mapping": "${b0e56e30-fd74-43f8-bda8-f574be0bbb9f.NewStateReason}",
          "sectionItemKey": "a4abac9e-43bd-44d0-850f-7a51f26a4af8"
        },
        {
          "inputPort": "input",
          "mapping": "${b0e56e30-fd74-43f8-bda8-f574be0bbb9f.AlarmName}",
          "sectionItemKey": "4ea3fda2-a69b-4315-bb67-24326c6cf35a"
        },
        {
          "inputPort": "input",
          "mapping": "${b0e56e30-fd74-43f8-bda8-f574be0bbb9f.Trigger.Dimensions}",
          "sectionItemKey": "787fe8b8-98a9-47c9-807d-00fd2301d2c8"
        },
        {
          "inputPort": "input",
          "mapping": "${b0e56e30-fd74-43f8-bda8-f574be0bbb9f.OldStateValue}",
          "sectionItemKey": "59ae8f34-15ff-47da-a538-4ef6cd79d5a0"
        },
        {
          "inputPort": "input",
          "mapping": "${b0e56e30-fd74-43f8-bda8-f574be0bbb9f.NewStateValue}",
          "sectionItemKey": "d25f08a6-46e8-4f97-aa1f-12e1d111426a"
        },
        {
          "inputPort": "input",
          "mapping": "${b0e56e30-fd74-43f8-bda8-f574be0bbb9f.Trigger.MetricName}",
          "sectionItemKey": "8922d49c-72c1-46f7-8013-a227c4b6f9f2"
        },
        {
          "inputPort": "input",
          "mapping": "${b0e56e30-fd74-43f8-bda8-f574be0bbb9f.StateChangeTime}",
          "sectionItemKey": "e022d250-a8fe-48d5-a412-fc37376dd8be"
        },
        {
          "inputPort": "input",
          "mapping": "${b0e56e30-fd74-43f8-bda8-f574be0bbb9f.Trigger.ComparisonOperator}",
          "sectionItemKey": "2835b717-dfde-4360-95c3-4979c35b1ee4"
        },
        {
          "inputPort": "input",
          "mapping": "${b0e56e30-fd74-43f8-bda8-f574be0bbb9f.Region}",
          "sectionItemKey": "d95a125e-d74d-4066-9cc2-e786f59cae96"
        },
        {
          "inputPort": "input",
          "mapping": "${b0e56e30-fd74-43f8-bda8-f574be0bbb9f.AlarmDescription}",
          "sectionItemKey": "0cf60ca7-b3ef-4539-b17b-15606d360cb6"
        },
        {
          "inputPort": "input",
          "mapping": "${b0e56e30-fd74-43f8-bda8-f574be0bbb9f.Trigger.TreatMissingData}",
          "sectionItemKey": "e0d8e6e9-eb5c-40ba-8c31-389518075482"
        },
        {
          "inputPort": "input",
          "mapping": "${b0e56e30-fd74-43f8-bda8-f574be0bbb9f.Trigger.EvaluationPeriods}",
          "sectionItemKey": "a73ea3f8-7e9e-4c20-828f-85e7cb50f6d5"
        },
        {
          "inputPort": "input",
          "mapping": "${b0e56e30-fd74-43f8-bda8-f574be0bbb9f.Trigger.EvaluateLowSampleCountPercentile}",
          "sectionItemKey": "7135ee33-7b36-4b3b-adb1-b10c70ebe5b6"
        },
        {
          "inputPort": "input",
          "mapping": "${b0e56e30-fd74-43f8-bda8-f574be0bbb9f.Trigger.Period}",
          "sectionItemKey": "4e6f81f6-8e73-430a-a08b-9e4d7411949f"
        },
        {
          "inputPort": "input",
          "mapping": "${b0e56e30-fd74-43f8-bda8-f574be0bbb9f.recipients}",
          "sectionItemKey": "recipients"
        },
        {
          "inputPort": "input",
          "mapping": "${b0e56e30-fd74-43f8-bda8-f574be0bbb9f.Trigger.Threshold}",
          "sectionItemKey": "503572ec-5358-4f68-80c9-521def2a97c5"
        }
      ]
    },
    {
      "id": "f0bd63c0-85f3-47c6-9446-c0580202eb61",
      "label": "xMatters Create Event - Subscription Confirmation",
      "environment": "HOSTED",
      "presentation": "{\"w\":60,\"x\":340,\"h\":60,\"y\":0}",
      "step": "ab138b38-e274-43dd-8a23-0389ccfe10b3",
      "stepType": "CREATE_EVENT",
      "inputMappings": [
        {
          "inputPort": "input",
          "mapping": "${b0e56e30-fd74-43f8-bda8-f574be0bbb9f.Type}",
          "sectionItemKey": "7f1c859a-42e4-46ff-a67f-df318ae448e8"
        },
        {
          "inputPort": "input",
          "mapping": "${b0e56e30-fd74-43f8-bda8-f574be0bbb9f.recipients}",
          "sectionItemKey": "recipients"
        },
        {
          "inputPort": "input",
          "mapping": "${b0e56e30-fd74-43f8-bda8-f574be0bbb9f.Signature}",
          "sectionItemKey": "ea319aaf-02a3-46a8-b26b-b084e487f11c"
        },
        {
          "inputPort": "input",
          "mapping": "${b0e56e30-fd74-43f8-bda8-f574be0bbb9f.MessageId}",
          "sectionItemKey": "71c910aa-5c39-42cd-ae41-37dc6bc1a5f6"
        },
        {
          "inputPort": "input",
          "mapping": "${b0e56e30-fd74-43f8-bda8-f574be0bbb9f.TopicArn}",
          "sectionItemKey": "90b0d08d-35ae-4568-85c5-d20fbd28da7b"
        },
        {
          "inputPort": "input",
          "mapping": "${b0e56e30-fd74-43f8-bda8-f574be0bbb9f.Timestamp}",
          "sectionItemKey": "c9907476-abd0-4423-98ea-5013f52ead26"
        },
        {
          "inputPort": "input",
          "mapping": "${b0e56e30-fd74-43f8-bda8-f574be0bbb9f.Token}",
          "sectionItemKey": "9daf08aa-e017-45b5-9573-f1d3df565bc0"
        },
        {
          "inputPort": "input",
          "mapping": "${b0e56e30-fd74-43f8-bda8-f574be0bbb9f.Message}",
          "sectionItemKey": "48dc7ddc-da8a-4b4f-b29e-341ecbf01301"
        },
        {
          "inputPort": "input",
          "mapping": "${b0e56e30-fd74-43f8-bda8-f574be0bbb9f.SignatureVersion}",
          "sectionItemKey": "dc025a62-54a9-451f-b00c-65daac871cce"
        },
        {
          "inputPort": "input",
          "mapping": "${b0e56e30-fd74-43f8-bda8-f574be0bbb9f.SubscribeURL}",
          "sectionItemKey": "bfb3125c-6a17-499b-97b7-e9a53a02c0bb"
        },
        {
          "inputPort": "input",
          "mapping": "${b0e56e30-fd74-43f8-bda8-f574be0bbb9f.SigningCertURL}",
          "sectionItemKey": "5c9a2781-e3a8-4e64-a3c1-134cfc0887b1"
        }
      ]
    }
  ],
  "edges": [
    {
      "fromBlock": "b0e56e30-fd74-43f8-bda8-f574be0bbb9f",
      "fromPort": "output",
      "toBlock": "e23a645b-ccb6-4a73-8195-ac6433211d70",
      "toPort": "input"
    },
    {
      "fromBlock": "e23a645b-ccb6-4a73-8195-ac6433211d70",
      "fromPort": "178eb1fc-b3ff-455a-9694-3ecaf2908d20",
      "toBlock": "f0bd63c0-85f3-47c6-9446-c0580202eb61",
      "toPort": "input"
    },
    {
      "fromBlock": "e23a645b-ccb6-4a73-8195-ac6433211d70",
      "fromPort": "output",
      "toBlock": "59227e49-7384-4e06-bb22-f08f47ef6370",
      "toPort": "input"
    },
    {
      "fromBlock": "e685af08-ac41-469e-b21f-9f500de4aa75",
      "fromPort": "output",
      "toBlock": "2981095b-6f47-4cf6-8337-0ecf84ca023a",
      "toPort": "input"
    },
    {
      "fromBlock": "2981095b-6f47-4cf6-8337-0ecf84ca023a",
      "fromPort": "output",
      "toBlock": "03f827ff-be87-49f1-9e61-14a8f422d217",
      "toPort": "input"
    },
    {
      "fromBlock": "59227e49-7384-4e06-bb22-f08f47ef6370",
      "fromPort": "3b1edb74-fa73-401a-a594-fc4ef92a186a",
      "toBlock": "e685af08-ac41-469e-b21f-9f500de4aa75",
      "toPort": "input"
    },
    {
      "fromBlock": "59227e49-7384-4e06-bb22-f08f47ef6370",
      "fromPort": "b23852f0-2db8-4486-b404-902ef17acc8f",
      "toBlock": "014fdbf9-91c2-4217-9275-ed6b08540205",
      "toPort": "input"
    }
  ]
}