{
  "name": "CloudWatch Alarm Workflow",
  "form": "48f5381e-1d9a-43f8-bef7-a247b8f43626",
  "blocks": [
    {
      "id": "ac460cc4-b89b-47a2-8191-fc2240f9795a",
      "label": "CloudWatch Alarm - Inbound from SNS",
      "presentation": "{\"w\":60,\"x\":-43,\"h\":60,\"y\":-88}",
      "step": "12baa8b4-b7c2-40d8-ab15-82db3f9a35f7",
      "stepType": "INTEGRATION"
    },
    {
      "id": "2448309a-5a84-4b31-946e-30d7a37d5790",
      "label": "Sub Conf?",
      "presentation": "{\"w\":60,\"x\":149,\"h\":60,\"y\":-73}",
      "stepType": "SWITCH",
      "inputMappings": [
        {
          "inputPort": "input",
          "mapping": "${ac460cc4-b89b-47a2-8191-fc2240f9795a.Type}"
        }
      ],
      "switchCases": [
        {
          "caseId": "cee5bb7c-fc5a-4c2f-8e41-0daabf3ecbe7",
          "caseValue": "SubscriptionConfirmation"
        }
      ]
    },
    {
      "id": "3851251b-3c6b-44fb-bd29-3b2d6d2a1730",
      "label": "xMatters Create Event - CloudWatch Alarm",
      "presentation": "{\"w\":60,\"x\":342,\"h\":60,\"y\":212}",
      "step": "48f5381e-1d9a-43f8-bef7-a247b8f43626",
      "stepType": "CREATE_EVENT",
      "inputMappings": [
        {
          "inputPort": "input",
          "mapping": "${ac460cc4-b89b-47a2-8191-fc2240f9795a.Subject}",
          "sectionItemKey": "bb949111-6c4a-47b8-87ca-495d6149bf16"
        },
        {
          "inputPort": "input",
          "mapping": "${ac460cc4-b89b-47a2-8191-fc2240f9795a.Trigger.Period}",
          "sectionItemKey": "ea9b11b4-dc05-43df-8466-de0dac895c11"
        },
        {
          "inputPort": "input",
          "mapping": "${ac460cc4-b89b-47a2-8191-fc2240f9795a.AlarmName}",
          "sectionItemKey": "9313ae0e-5ede-4abd-8ed1-7add98b86b28"
        },
        {
          "inputPort": "input",
          "mapping": "${ac460cc4-b89b-47a2-8191-fc2240f9795a.Trigger.Unit}",
          "sectionItemKey": "1f0373d4-3d92-4e1c-82bd-d83bd84c1d97"
        },
        {
          "inputPort": "input",
          "mapping": "${ac460cc4-b89b-47a2-8191-fc2240f9795a.Trigger.StatisticType}",
          "sectionItemKey": "56d42acb-6a0c-4d25-b39f-a1e6a8b23873"
        },
        {
          "inputPort": "input",
          "mapping": "${ac460cc4-b89b-47a2-8191-fc2240f9795a.Trigger.EvaluationPeriods}",
          "sectionItemKey": "e99861a4-e32f-492b-bbfb-3f52b00ab3d7"
        },
        {
          "inputPort": "input",
          "mapping": "${ac460cc4-b89b-47a2-8191-fc2240f9795a.AlarmDescription}",
          "sectionItemKey": "3755b9c8-c9a7-4675-84ea-0b5de29e638f"
        },
        {
          "inputPort": "input",
          "mapping": "${ac460cc4-b89b-47a2-8191-fc2240f9795a.NewStateReason}",
          "sectionItemKey": "29ab240e-ee66-41bf-956a-20dbadb3937e"
        },
        {
          "inputPort": "input",
          "mapping": "${ac460cc4-b89b-47a2-8191-fc2240f9795a.Trigger.ComparisonOperator}",
          "sectionItemKey": "56432290-1e1a-47c7-aa2e-63d9e497c143"
        },
        {
          "inputPort": "input",
          "mapping": "${ac460cc4-b89b-47a2-8191-fc2240f9795a.OldStateValue}",
          "sectionItemKey": "9967913f-73b7-41c1-9977-ea70d37745c9"
        },
        {
          "inputPort": "input",
          "mapping": "${ac460cc4-b89b-47a2-8191-fc2240f9795a.Trigger.Namespace}",
          "sectionItemKey": "8e27fba5-c22d-462a-b0d8-c45a86e3f33e"
        },
        {
          "inputPort": "input",
          "mapping": "${ac460cc4-b89b-47a2-8191-fc2240f9795a.AWSAccountId}",
          "sectionItemKey": "76c99bef-6799-40b1-a53e-f9e0f3bb9dfe"
        },
        {
          "inputPort": "input",
          "mapping": "${ac460cc4-b89b-47a2-8191-fc2240f9795a.Trigger.Threshold}",
          "sectionItemKey": "fb6ffd4b-f2b8-4a07-b070-cccde92c4060"
        },
        {
          "inputPort": "input",
          "mapping": "${ac460cc4-b89b-47a2-8191-fc2240f9795a.StateChangeTime}",
          "sectionItemKey": "36af2b86-b89b-466f-85bc-5551cc59d046"
        },
        {
          "inputPort": "input",
          "mapping": "${ac460cc4-b89b-47a2-8191-fc2240f9795a.Region}",
          "sectionItemKey": "da9712df-a001-44de-be44-25746cb8a008"
        },
        {
          "inputPort": "input",
          "mapping": "${ac460cc4-b89b-47a2-8191-fc2240f9795a.Trigger.TreatMissingData}",
          "sectionItemKey": "c6359901-14bb-4947-93cf-7f60ef96fcdc"
        },
        {
          "inputPort": "input",
          "mapping": "${ac460cc4-b89b-47a2-8191-fc2240f9795a.recipients}",
          "sectionItemKey": "recipients"
        },
        {
          "inputPort": "input",
          "mapping": "${ac460cc4-b89b-47a2-8191-fc2240f9795a.Trigger.EvaluateLowSampleCountPercentile}",
          "sectionItemKey": "cadc67dd-ecb2-4653-820e-76b8b1e13825"
        },
        {
          "inputPort": "input",
          "mapping": "${ac460cc4-b89b-47a2-8191-fc2240f9795a.Trigger.MetricName}",
          "sectionItemKey": "c58b65ff-b596-4dcb-a3b8-630d00fb276a"
        },
        {
          "inputPort": "input",
          "mapping": "${ac460cc4-b89b-47a2-8191-fc2240f9795a.NewStateValue}",
          "sectionItemKey": "068c700d-802f-4986-ac4e-149fa1f1fab5"
        },
        {
          "inputPort": "input",
          "mapping": "${ac460cc4-b89b-47a2-8191-fc2240f9795a.Trigger.Statistic}",
          "sectionItemKey": "89399b23-9816-484b-9aed-d2cdccd0781e"
        },
        {
          "inputPort": "input",
          "mapping": "${ac460cc4-b89b-47a2-8191-fc2240f9795a.Trigger.Dimensions}",
          "sectionItemKey": "8460ae45-1f97-436a-8a1f-f6e2eff759ea"
        }
      ]
    },
    {
      "id": "6a47c9b6-1fd2-4454-88df-dd9a35c2b7aa",
      "label": "xMatters Create Event - Subscription Confirmation",
      "presentation": "{\"w\":60,\"x\":340,\"h\":60,\"y\":62}",
      "step": "010b0a2b-53ce-43c6-bd29-a4d0ca5e174b",
      "stepType": "CREATE_EVENT",
      "inputMappings": [
        {
          "inputPort": "input",
          "mapping": "${ac460cc4-b89b-47a2-8191-fc2240f9795a.Signature}",
          "sectionItemKey": "489ff0f3-77ec-483a-9828-73c4c3e42b4f"
        },
        {
          "inputPort": "input",
          "mapping": "${ac460cc4-b89b-47a2-8191-fc2240f9795a.recipients}",
          "sectionItemKey": "recipients"
        },
        {
          "inputPort": "input",
          "mapping": "${ac460cc4-b89b-47a2-8191-fc2240f9795a.SubscribeURL}",
          "sectionItemKey": "bbbd10ef-0378-4ee9-a249-a8fa72efeffe"
        },
        {
          "inputPort": "input",
          "mapping": "${ac460cc4-b89b-47a2-8191-fc2240f9795a.Timestamp}",
          "sectionItemKey": "911f3475-ca44-4679-91b9-9c11a6b66a47"
        },
        {
          "inputPort": "input",
          "mapping": "${ac460cc4-b89b-47a2-8191-fc2240f9795a.Token}",
          "sectionItemKey": "95626c17-cf2b-493f-a3e9-db801d171947"
        },
        {
          "inputPort": "input",
          "mapping": "${ac460cc4-b89b-47a2-8191-fc2240f9795a.TopicArn}",
          "sectionItemKey": "ed471579-e2db-4cd1-b9f8-d6587d936c59"
        },
        {
          "inputPort": "input",
          "mapping": "${ac460cc4-b89b-47a2-8191-fc2240f9795a.SigningCertURL}",
          "sectionItemKey": "a85d43d4-d1da-46b5-a202-885dceaa20c3"
        },
        {
          "inputPort": "input",
          "mapping": "${ac460cc4-b89b-47a2-8191-fc2240f9795a.SignatureVersion}",
          "sectionItemKey": "afb79e3a-48f2-4af6-a49e-70193da2d3cf"
        },
        {
          "inputPort": "input",
          "mapping": "${ac460cc4-b89b-47a2-8191-fc2240f9795a.Message}",
          "sectionItemKey": "4004c656-8c69-43fb-bf40-33289f7a3e94"
        },
        {
          "inputPort": "input",
          "mapping": "${ac460cc4-b89b-47a2-8191-fc2240f9795a.Type}",
          "sectionItemKey": "4b1b662f-e3ec-49a1-bc77-b2e8c2f10f5c"
        },
        {
          "inputPort": "input",
          "mapping": "${ac460cc4-b89b-47a2-8191-fc2240f9795a.MessageId}",
          "sectionItemKey": "485c6dc4-89aa-46c5-85a6-25ab6b24b37a"
        }
      ]
    }
  ],
  "edges": [
    {
      "fromBlock": "ac460cc4-b89b-47a2-8191-fc2240f9795a",
      "fromPort": "output",
      "toBlock": "2448309a-5a84-4b31-946e-30d7a37d5790",
      "toPort": "input"
    },
    {
      "fromBlock": "2448309a-5a84-4b31-946e-30d7a37d5790",
      "fromPort": "output",
      "toBlock": "3851251b-3c6b-44fb-bd29-3b2d6d2a1730",
      "toPort": "input"
    },
    {
      "fromBlock": "2448309a-5a84-4b31-946e-30d7a37d5790",
      "fromPort": "cee5bb7c-fc5a-4c2f-8e41-0daabf3ecbe7",
      "toBlock": "6a47c9b6-1fd2-4454-88df-dd9a35c2b7aa",
      "toPort": "input"
    }
  ]
}