{
  "name": "CloudWatch Alarm Workflow",
  "form": "bf589be5-9c7d-4c9b-a183-28684e84a786",
  "blocks": [
    {
      "id": "3a3654c8-cd46-4df6-9cf9-bea79d0f3eba",
      "label": "CloudWatch Alarm - Inbound from SNS",
      "presentation": "{\"w\":60,\"x\":-43,\"h\":60,\"y\":-88}",
      "step": "3b96a141-f1ca-4f1e-9680-429eb6f287ee",
      "stepType": "INTEGRATION"
    },
    {
      "id": "8ed0fccb-0edb-4f8b-a9b5-fde5cbbc4fec",
      "label": "Sub Conf?",
      "presentation": "{\"w\":60,\"x\":149,\"h\":60,\"y\":-73}",
      "stepType": "SWITCH",
      "inputMappings": [
        {
          "inputPort": "input",
          "mapping": "${3a3654c8-cd46-4df6-9cf9-bea79d0f3eba.Type}"
        }
      ],
      "switchCases": [
        {
          "caseId": "3631e269-ca15-4a3e-8469-edc10e5a3a42",
          "caseValue": "SubscriptionConfirmation"
        }
      ]
    },
    {
      "id": "23ab4551-c234-48d0-a420-0c51e7886ed1",
      "label": "xMatters Create Event - CloudWatch Alarm",
      "presentation": "{\"w\":60,\"x\":342,\"h\":60,\"y\":212}",
      "step": "bf589be5-9c7d-4c9b-a183-28684e84a786",
      "stepType": "CREATE_EVENT",
      "inputMappings": [
        {
          "inputPort": "input",
          "mapping": "${3a3654c8-cd46-4df6-9cf9-bea79d0f3eba.AWSAccountId}",
          "sectionItemKey": "4342a151-9029-4d85-b702-7312a81df927"
        },
        {
          "inputPort": "input",
          "mapping": "${3a3654c8-cd46-4df6-9cf9-bea79d0f3eba.Trigger.TreatMissingData}",
          "sectionItemKey": "a5c477fd-f69a-4fd3-80dc-4389f5c3bbae"
        },
        {
          "inputPort": "input",
          "mapping": "${3a3654c8-cd46-4df6-9cf9-bea79d0f3eba.Trigger.Namespace}",
          "sectionItemKey": "0d1f0307-bf58-4409-83d0-4eeab771e7cb"
        },
        {
          "inputPort": "input",
          "mapping": "${3a3654c8-cd46-4df6-9cf9-bea79d0f3eba.Trigger.ComparisonOperator}",
          "sectionItemKey": "50e25157-bf1c-47ac-9cbe-81ce9b55631b"
        },
        {
          "inputPort": "input",
          "mapping": "${3a3654c8-cd46-4df6-9cf9-bea79d0f3eba.NewStateValue}",
          "sectionItemKey": "49a35e8f-a788-4dc8-91f8-400fab62a66b"
        },
        {
          "inputPort": "input",
          "mapping": "${3a3654c8-cd46-4df6-9cf9-bea79d0f3eba.AlarmDescription}",
          "sectionItemKey": "e05cf9c0-0a0e-47ad-8198-3a8240e6fb01"
        },
        {
          "inputPort": "input",
          "mapping": "${3a3654c8-cd46-4df6-9cf9-bea79d0f3eba.OldStateValue}",
          "sectionItemKey": "dedebecf-19d7-4703-b2f5-3e9b3782e8b5"
        },
        {
          "inputPort": "input",
          "mapping": "${3a3654c8-cd46-4df6-9cf9-bea79d0f3eba.Region}",
          "sectionItemKey": "fcdf1f5e-787c-49a2-a9b5-a4759c1f9f13"
        },
        {
          "inputPort": "input",
          "mapping": "${3a3654c8-cd46-4df6-9cf9-bea79d0f3eba.StateChangeTime}",
          "sectionItemKey": "69153e4e-3f99-4925-a110-9dee3d027a46"
        },
        {
          "inputPort": "input",
          "mapping": "${3a3654c8-cd46-4df6-9cf9-bea79d0f3eba.Trigger.Period}",
          "sectionItemKey": "b1134a71-069d-49ca-adb2-391ad5f44191"
        },
        {
          "inputPort": "input",
          "mapping": "${3a3654c8-cd46-4df6-9cf9-bea79d0f3eba.NewStateReason}",
          "sectionItemKey": "b6ceb5c6-4154-408e-8d62-d141376cab13"
        },
        {
          "inputPort": "input",
          "mapping": "${3a3654c8-cd46-4df6-9cf9-bea79d0f3eba.Subject}",
          "sectionItemKey": "5ba2e5d0-2e2e-48af-aeba-9512bc6dec52"
        },
        {
          "inputPort": "input",
          "mapping": "${3a3654c8-cd46-4df6-9cf9-bea79d0f3eba.Trigger.StatisticType}",
          "sectionItemKey": "f3f185a6-bbe2-44cc-9912-cc60fa8b10bd"
        },
        {
          "inputPort": "input",
          "mapping": "${3a3654c8-cd46-4df6-9cf9-bea79d0f3eba.Trigger.Threshold}",
          "sectionItemKey": "056d5946-645d-4f1e-9139-c640d10c061a"
        },
        {
          "inputPort": "input",
          "mapping": "${3a3654c8-cd46-4df6-9cf9-bea79d0f3eba.Trigger.Unit}",
          "sectionItemKey": "11d15103-21b7-4145-b89f-56c89a5711ff"
        },
        {
          "inputPort": "input",
          "mapping": "${3a3654c8-cd46-4df6-9cf9-bea79d0f3eba.Trigger.Dimensions}",
          "sectionItemKey": "b421525d-2e97-4f59-bfd1-847abd76ee38"
        },
        {
          "inputPort": "input",
          "mapping": "${3a3654c8-cd46-4df6-9cf9-bea79d0f3eba.Trigger.MetricName}",
          "sectionItemKey": "17465e00-ad6c-4926-b461-cc22d8ba4939"
        },
        {
          "inputPort": "input",
          "mapping": "${3a3654c8-cd46-4df6-9cf9-bea79d0f3eba.Trigger.EvaluationPeriods}",
          "sectionItemKey": "1901f718-37fc-41a9-97eb-48cc5978f6c9"
        },
        {
          "inputPort": "input",
          "mapping": "${3a3654c8-cd46-4df6-9cf9-bea79d0f3eba.AlarmName}",
          "sectionItemKey": "a780615b-921b-49d2-9eef-6ece1b374a34"
        },
        {
          "inputPort": "input",
          "mapping": "${3a3654c8-cd46-4df6-9cf9-bea79d0f3eba.Trigger.EvaluateLowSampleCountPercentile}",
          "sectionItemKey": "bb48f34d-cdd9-4d92-91b6-78c84a10f1e3"
        },
        {
          "inputPort": "input",
          "mapping": "${3a3654c8-cd46-4df6-9cf9-bea79d0f3eba.Trigger.Statistic}",
          "sectionItemKey": "42d8514a-e861-4350-91e1-2ebba6b8b014"
        }
      ]
    },
    {
      "id": "b0191235-67f6-4f5b-be8d-e9f2bade97dc",
      "label": "xMatters Create Event - Subscription Confirmation",
      "presentation": "{\"w\":60,\"x\":340,\"h\":60,\"y\":62}",
      "step": "7bd1b7b5-c2b7-4203-ad13-504974b49587",
      "stepType": "CREATE_EVENT",
      "inputMappings": [
        {
          "inputPort": "input",
          "mapping": "${3a3654c8-cd46-4df6-9cf9-bea79d0f3eba.Token}",
          "sectionItemKey": "510cca4f-9b9d-48df-bae1-31911a5f7403"
        },
        {
          "inputPort": "input",
          "mapping": "${3a3654c8-cd46-4df6-9cf9-bea79d0f3eba.Type}",
          "sectionItemKey": "5fd5477c-9ba3-4106-ab49-d59522d2bb89"
        },
        {
          "inputPort": "input",
          "mapping": "${3a3654c8-cd46-4df6-9cf9-bea79d0f3eba.Message}",
          "sectionItemKey": "0babd1ed-2777-4a4f-9111-8ed7666a60f1"
        },
        {
          "inputPort": "input",
          "mapping": "${3a3654c8-cd46-4df6-9cf9-bea79d0f3eba.SigningCertURL}",
          "sectionItemKey": "afdf07b0-a4e6-4e2c-95b7-3024ec089a1b"
        },
        {
          "inputPort": "input",
          "mapping": "tdepuy",
          "sectionItemKey": "recipients"
        },
        {
          "inputPort": "input",
          "mapping": "${3a3654c8-cd46-4df6-9cf9-bea79d0f3eba.Signature}",
          "sectionItemKey": "8d99f396-ea66-4844-9787-41b462ed18f6"
        },
        {
          "inputPort": "input",
          "mapping": "${3a3654c8-cd46-4df6-9cf9-bea79d0f3eba.SubscribeURL}",
          "sectionItemKey": "7cd57cd0-af85-4b0d-95d2-9d6e4aa8b901"
        },
        {
          "inputPort": "input",
          "mapping": "${3a3654c8-cd46-4df6-9cf9-bea79d0f3eba.TopicArn}",
          "sectionItemKey": "d073f9db-9def-42a1-89cc-418ccb57cabe"
        },
        {
          "inputPort": "input",
          "mapping": "${3a3654c8-cd46-4df6-9cf9-bea79d0f3eba.Timestamp}",
          "sectionItemKey": "da4f22ad-6a78-4da9-a29d-08f64b095d9c"
        },
        {
          "inputPort": "input",
          "mapping": "${3a3654c8-cd46-4df6-9cf9-bea79d0f3eba.SignatureVersion}",
          "sectionItemKey": "00d7bd03-2854-4298-b482-ab2b91e7e9f2"
        },
        {
          "inputPort": "input",
          "mapping": "${3a3654c8-cd46-4df6-9cf9-bea79d0f3eba.MessageId}",
          "sectionItemKey": "a68eb0ee-9b02-4ce8-bec8-84afc8a9c4eb"
        }
      ]
    }
  ],
  "edges": [
    {
      "fromBlock": "8ed0fccb-0edb-4f8b-a9b5-fde5cbbc4fec",
      "fromPort": "3631e269-ca15-4a3e-8469-edc10e5a3a42",
      "toBlock": "b0191235-67f6-4f5b-be8d-e9f2bade97dc",
      "toPort": "input"
    },
    {
      "fromBlock": "8ed0fccb-0edb-4f8b-a9b5-fde5cbbc4fec",
      "fromPort": "output",
      "toBlock": "23ab4551-c234-48d0-a420-0c51e7886ed1",
      "toPort": "input"
    },
    {
      "fromBlock": "3a3654c8-cd46-4df6-9cf9-bea79d0f3eba",
      "fromPort": "output",
      "toBlock": "8ed0fccb-0edb-4f8b-a9b5-fde5cbbc4fec",
      "toPort": "input"
    }
  ]
}