{
  "name": "CloudWatch Alarm Workflow",
  "form": "b09055a9-074a-427c-a65b-b955e18470b3",
  "blocks": [
    {
      "id": "75f4074d-e845-4e37-a787-148ac7aeb24e",
      "label": "CloudWatch Alarm - Inbound from SNS",
      "environment": "HOSTED",
      "presentation": "{\"w\":60,\"x\":-123,\"h\":60,\"y\":-150}",
      "step": "1446250e-d850-4d6d-9cae-af941b93cbe2",
      "stepType": "INTEGRATION"
    },
    {
      "id": "60f6abed-da87-4c1b-a5cf-721fd3eed976",
      "label": "Event Count",
      "environment": "HOSTED",
      "presentation": "{\"w\":60,\"x\":680,\"h\":60,\"y\":160}",
      "stepType": "SWITCH",
      "inputMappings": [
        {
          "inputPort": "input",
          "mapping": "${b9954139-6a63-402e-a4ee-8ed28c69d965.Number of Event IDs Returned}"
        }
      ],
      "switchCases": [
        {
          "caseId": "a09dff01-9467-480a-b4ba-fd37f841af4b",
          "caseValue": "0"
        }
      ]
    },
    {
      "id": "b9954139-6a63-402e-a4ee-8ed28c69d965",
      "label": "Get ACTIVE events for AlarmName",
      "environment": "HOSTED",
      "presentation": "{\"w\":60,\"x\":511,\"h\":60,\"y\":300}",
      "step": "f36cf6ba-2225-5cb3-831f-030a05527c72",
      "stepType": "SCRIPT_STEP",
      "inputMappings": [
        {
          "inputPort": "input",
          "mapping": "ACTIVE",
          "stepInput": "fa86536b-3508-56de-884b-503596bd64c2"
        },
        {
          "inputPort": "input",
          "mapping": "AlarmName#en",
          "stepInput": "72cd05cc-dfe2-5933-b85c-edcf1df9f56f"
        },
        {
          "inputPort": "input",
          "mapping": "${75f4074d-e845-4e37-a787-148ac7aeb24e.AlarmName}",
          "stepInput": "b58893a5-ffaf-502d-982b-613dcd7b2232"
        },
        {
          "inputPort": "input",
          "mapping": "TRUE",
          "stepInput": "3bb89cc9-b89f-5291-9c54-1da7bc6c051a"
        },
        {
          "inputPort": "input",
          "mapping": "AWS - CloudWatch",
          "stepInput": "2cdea754-ab00-580e-a138-e46854bd93ae"
        }
      ]
    },
    {
      "id": "fffaf30a-5be1-42b1-b491-347635b41977",
      "label": "NewState?",
      "environment": "HOSTED",
      "presentation": "{\"w\":60,\"x\":341,\"h\":60,\"y\":165}",
      "stepType": "SWITCH",
      "inputMappings": [
        {
          "inputPort": "input",
          "mapping": "${75f4074d-e845-4e37-a787-148ac7aeb24e.NewStateValue}"
        }
      ],
      "switchCases": [
        {
          "caseId": "ea7535ba-480d-4b40-8c6e-d2ec1b987869",
          "caseValue": "OK"
        },
        {
          "caseId": "6b31b0d8-2ae7-4a01-b86d-ea093a0a5b4e",
          "caseValue": "ALARM"
        }
      ]
    },
    {
      "id": "4723b090-ace7-4f16-9d72-7e51c8dac787",
      "label": "Sub Conf?",
      "environment": "HOSTED",
      "presentation": "{\"w\":60,\"x\":129,\"h\":60,\"y\":-135}",
      "stepType": "SWITCH",
      "inputMappings": [
        {
          "inputPort": "input",
          "mapping": "${75f4074d-e845-4e37-a787-148ac7aeb24e.Type}"
        }
      ],
      "switchCases": [
        {
          "caseId": "b2151b2b-6cc6-4939-929b-5c6785cb5009",
          "caseValue": "SubscriptionConfirmation"
        }
      ]
    },
    {
      "id": "973bc29f-a70f-4c60-a55b-3244ead6225f",
      "label": "Terminate Events",
      "environment": "HOSTED",
      "presentation": "{\"w\":60,\"x\":851,\"h\":60,\"y\":445}",
      "step": "798e3053-b4b4-5e8c-ba84-8a11c3be6237",
      "stepType": "SCRIPT_STEP",
      "inputMappings": [
        {
          "inputPort": "input",
          "mapping": "${b9954139-6a63-402e-a4ee-8ed28c69d965.Event IDs}",
          "stepInput": "4fdf2591-4925-5682-8911-f0163d7f98dd"
        }
      ]
    },
    {
      "id": "d85a5fd0-5509-41e3-912d-30e93bbe6071",
      "label": "xMatters Create Event - CloudWatch Alarm",
      "environment": "HOSTED",
      "presentation": "{\"w\":60,\"x\":675,\"h\":60,\"y\":687}",
      "step": "b09055a9-074a-427c-a65b-b955e18470b3",
      "stepType": "CREATE_EVENT",
      "inputMappings": [
        {
          "inputPort": "input",
          "mapping": "${75f4074d-e845-4e37-a787-148ac7aeb24e.Trigger.EvaluationPeriods}",
          "sectionItemKey": "5e58796d-8f6d-47c9-844d-8a729c4a7a2d"
        },
        {
          "inputPort": "input",
          "mapping": "${75f4074d-e845-4e37-a787-148ac7aeb24e.NewStateReason}",
          "sectionItemKey": "791ccfed-ca5d-4117-9739-959789afb3b2"
        },
        {
          "inputPort": "input",
          "mapping": "${75f4074d-e845-4e37-a787-148ac7aeb24e.Subject}",
          "sectionItemKey": "d0e27623-e9f9-487c-91a5-3fdb861894fc"
        },
        {
          "inputPort": "input",
          "mapping": "${75f4074d-e845-4e37-a787-148ac7aeb24e.Trigger.Dimensions}",
          "sectionItemKey": "1629d9c6-259d-4df7-bef3-470d1850aed2"
        },
        {
          "inputPort": "input",
          "mapping": "${75f4074d-e845-4e37-a787-148ac7aeb24e.TopicArn}",
          "sectionItemKey": "a0f10ac2-7307-4162-8265-46b36ad9586e"
        },
        {
          "inputPort": "input",
          "mapping": "${75f4074d-e845-4e37-a787-148ac7aeb24e.Trigger.TreatMissingData}",
          "sectionItemKey": "6ff115dd-37cd-41b6-a27f-33420b7ee937"
        },
        {
          "inputPort": "input",
          "mapping": "${75f4074d-e845-4e37-a787-148ac7aeb24e.recipients}",
          "sectionItemKey": "recipients"
        },
        {
          "inputPort": "input",
          "mapping": "${75f4074d-e845-4e37-a787-148ac7aeb24e.Trigger.StatisticType}",
          "sectionItemKey": "0715d080-0441-4daa-ad8d-1f46ac308e19"
        },
        {
          "inputPort": "input",
          "mapping": "${75f4074d-e845-4e37-a787-148ac7aeb24e.Trigger.Unit}",
          "sectionItemKey": "3403e18b-a8d8-446e-925d-5093abcf0c36"
        },
        {
          "inputPort": "input",
          "mapping": "${75f4074d-e845-4e37-a787-148ac7aeb24e.StateChangeTime}",
          "sectionItemKey": "4c62201e-c434-4fd9-90db-109b98170ff5"
        },
        {
          "inputPort": "input",
          "mapping": "${75f4074d-e845-4e37-a787-148ac7aeb24e.Trigger.Namespace}",
          "sectionItemKey": "234469a1-82e0-4085-8b49-7afcf5f3f165"
        },
        {
          "inputPort": "input",
          "mapping": "${75f4074d-e845-4e37-a787-148ac7aeb24e.Trigger.ComparisonOperator}",
          "sectionItemKey": "c32e8b34-dccf-4c2e-a4c0-508dd12c95ca"
        },
        {
          "inputPort": "input",
          "mapping": "${75f4074d-e845-4e37-a787-148ac7aeb24e.OldStateValue}",
          "sectionItemKey": "0e27b9c9-2e5d-4df5-a5d5-954a84cb98ae"
        },
        {
          "inputPort": "input",
          "mapping": "${75f4074d-e845-4e37-a787-148ac7aeb24e.Trigger.Statistic}",
          "sectionItemKey": "83148388-296a-4034-b093-479ee644fba8"
        },
        {
          "inputPort": "input",
          "mapping": "${75f4074d-e845-4e37-a787-148ac7aeb24e.Trigger.Period}",
          "sectionItemKey": "f861e0ae-6705-4f50-8c63-719413c8666e"
        },
        {
          "inputPort": "input",
          "mapping": "${75f4074d-e845-4e37-a787-148ac7aeb24e.AlarmName}",
          "sectionItemKey": "553dfd98-e2c1-46f7-b7ef-ccd7e302d58e"
        },
        {
          "inputPort": "input",
          "mapping": "${75f4074d-e845-4e37-a787-148ac7aeb24e.Region}",
          "sectionItemKey": "2d925cc6-702c-484e-b524-a432d5a1e127"
        },
        {
          "inputPort": "input",
          "mapping": "${75f4074d-e845-4e37-a787-148ac7aeb24e.NewStateValue}",
          "sectionItemKey": "6d620398-65c5-4ebc-9c9f-fb8fe80863a5"
        },
        {
          "inputPort": "input",
          "mapping": "${75f4074d-e845-4e37-a787-148ac7aeb24e.Trigger.MetricName}",
          "sectionItemKey": "1135008d-9468-413a-884e-d52b404870a6"
        },
        {
          "inputPort": "input",
          "mapping": "${75f4074d-e845-4e37-a787-148ac7aeb24e.Trigger.EvaluateLowSampleCountPercentile}",
          "sectionItemKey": "fd51a322-cf73-46f4-b811-4f4db9c9cb3a"
        },
        {
          "inputPort": "input",
          "mapping": "${75f4074d-e845-4e37-a787-148ac7aeb24e.Trigger.Threshold}",
          "sectionItemKey": "0dff3694-4006-493a-a9bf-e3db334ebf61"
        },
        {
          "inputPort": "input",
          "mapping": "${75f4074d-e845-4e37-a787-148ac7aeb24e.AWSAccountId}",
          "sectionItemKey": "44652d4d-1f7b-40df-9f47-85acb3773d33"
        },
        {
          "inputPort": "input",
          "mapping": "${75f4074d-e845-4e37-a787-148ac7aeb24e.AlarmDescription}",
          "sectionItemKey": "543aef76-5a29-4554-92cb-0aeb95db6aac"
        }
      ]
    },
    {
      "id": "5acb4018-6060-4641-8eff-cf90e7815331",
      "label": "xMatters Create Event - Subscription Confirmation",
      "environment": "HOSTED",
      "presentation": "{\"w\":60,\"x\":340,\"h\":60,\"y\":0}",
      "step": "8f647b28-6a16-4f3b-b1ae-629fd95b76e3",
      "stepType": "CREATE_EVENT",
      "inputMappings": [
        {
          "inputPort": "input",
          "mapping": "${75f4074d-e845-4e37-a787-148ac7aeb24e.recipients}",
          "sectionItemKey": "recipients"
        },
        {
          "inputPort": "input",
          "mapping": "${75f4074d-e845-4e37-a787-148ac7aeb24e.Token}",
          "sectionItemKey": "d11e3154-5484-45d7-a451-80477b853f8b"
        },
        {
          "inputPort": "input",
          "mapping": "${75f4074d-e845-4e37-a787-148ac7aeb24e.MessageId}",
          "sectionItemKey": "f0dfd445-02bb-4e43-a668-1435b2a6aa3a"
        },
        {
          "inputPort": "input",
          "mapping": "${75f4074d-e845-4e37-a787-148ac7aeb24e.Timestamp}",
          "sectionItemKey": "b3b612a6-f04f-44a9-8a1c-80a5487a240c"
        },
        {
          "inputPort": "input",
          "mapping": "${75f4074d-e845-4e37-a787-148ac7aeb24e.TopicArn}",
          "sectionItemKey": "a0f10ac2-7307-4162-8265-46b36ad9586e"
        },
        {
          "inputPort": "input",
          "mapping": "${75f4074d-e845-4e37-a787-148ac7aeb24e.SignatureVersion}",
          "sectionItemKey": "df788b43-2d66-4a3f-8a19-adb228a899ea"
        },
        {
          "inputPort": "input",
          "mapping": "${75f4074d-e845-4e37-a787-148ac7aeb24e.Signature}",
          "sectionItemKey": "116cb1f4-8328-436b-84d4-a0c32c5d0c78"
        },
        {
          "inputPort": "input",
          "mapping": "${75f4074d-e845-4e37-a787-148ac7aeb24e.Message}",
          "sectionItemKey": "76368d7f-ae54-4b2b-ab83-0c0a2b3f9ae8"
        },
        {
          "inputPort": "input",
          "mapping": "${75f4074d-e845-4e37-a787-148ac7aeb24e.SigningCertURL}",
          "sectionItemKey": "074d443c-0057-44dd-80a2-0510481ba9cf"
        },
        {
          "inputPort": "input",
          "mapping": "${75f4074d-e845-4e37-a787-148ac7aeb24e.Type}",
          "sectionItemKey": "0557b968-08f3-4e08-98ac-73c7d32a96e3"
        },
        {
          "inputPort": "input",
          "mapping": "${75f4074d-e845-4e37-a787-148ac7aeb24e.SubscribeURL}",
          "sectionItemKey": "31290d62-ca16-4588-b085-f74bf946e7c1"
        }
      ]
    }
  ],
  "edges": [
    {
      "fromBlock": "b9954139-6a63-402e-a4ee-8ed28c69d965",
      "fromPort": "output",
      "toBlock": "60f6abed-da87-4c1b-a5cf-721fd3eed976",
      "toPort": "input"
    },
    {
      "fromBlock": "fffaf30a-5be1-42b1-b491-347635b41977",
      "fromPort": "ea7535ba-480d-4b40-8c6e-d2ec1b987869",
      "toBlock": "b9954139-6a63-402e-a4ee-8ed28c69d965",
      "toPort": "input"
    },
    {
      "fromBlock": "fffaf30a-5be1-42b1-b491-347635b41977",
      "fromPort": "6b31b0d8-2ae7-4a01-b86d-ea093a0a5b4e",
      "toBlock": "d85a5fd0-5509-41e3-912d-30e93bbe6071",
      "toPort": "input"
    },
    {
      "fromBlock": "4723b090-ace7-4f16-9d72-7e51c8dac787",
      "fromPort": "output",
      "toBlock": "fffaf30a-5be1-42b1-b491-347635b41977",
      "toPort": "input"
    },
    {
      "fromBlock": "4723b090-ace7-4f16-9d72-7e51c8dac787",
      "fromPort": "b2151b2b-6cc6-4939-929b-5c6785cb5009",
      "toBlock": "5acb4018-6060-4641-8eff-cf90e7815331",
      "toPort": "input"
    },
    {
      "fromBlock": "60f6abed-da87-4c1b-a5cf-721fd3eed976",
      "fromPort": "output",
      "toBlock": "973bc29f-a70f-4c60-a55b-3244ead6225f",
      "toPort": "input"
    },
    {
      "fromBlock": "75f4074d-e845-4e37-a787-148ac7aeb24e",
      "fromPort": "output",
      "toBlock": "4723b090-ace7-4f16-9d72-7e51c8dac787",
      "toPort": "input"
    }
  ]
}