{
  "name": "CloudWatch Alarm Workflow",
  "form": "5bb2c4eb-8588-488b-9ebc-260d5bf3030f",
  "blocks": [
    {
      "id": "451bc4d8-7b83-44f4-8928-9ce130117dc0",
      "label": "CloudWatch Alarm - Inbound from SNS",
      "environment": "HOSTED",
      "presentation": "{\"w\":60,\"x\":-123,\"h\":60,\"y\":-150}",
      "step": "4d59322d-5cda-4421-b227-27a9e0167776",
      "stepType": "INTEGRATION"
    },
    {
      "id": "bca4825e-9e46-4c73-9406-6c9d886027bc",
      "label": "Event Count",
      "environment": "HOSTED",
      "presentation": "{\"w\":60,\"x\":680,\"h\":60,\"y\":160}",
      "stepType": "SWITCH",
      "inputMappings": [
        {
          "inputPort": "input",
          "mapping": "${b54328cb-41bd-46af-b344-016f656aab5a.Number of Event IDs Returned}"
        }
      ],
      "switchCases": [
        {
          "caseId": "4989b1db-cb06-4f62-a5ff-72aebcfa3548",
          "caseValue": "0"
        }
      ]
    },
    {
      "id": "b54328cb-41bd-46af-b344-016f656aab5a",
      "label": "Get ACTIVE events for AlarmName",
      "environment": "HOSTED",
      "presentation": "{\"w\":60,\"x\":511,\"h\":60,\"y\":300}",
      "step": "f36cf6ba-2225-5cb3-831f-030a05527c72",
      "stepType": "SCRIPT_STEP",
      "inputMappings": [
        {
          "inputPort": "input",
          "mapping": "ACTIVE",
          "stepInput": "fa86536b-3508-56de-884b-503596bd64c2"
        },
        {
          "inputPort": "input",
          "mapping": "TopicARN#en",
          "stepInput": "72cd05cc-dfe2-5933-b85c-edcf1df9f56f"
        },
        {
          "inputPort": "input",
          "mapping": "${451bc4d8-7b83-44f4-8928-9ce130117dc0.TopicArn}",
          "stepInput": "b58893a5-ffaf-502d-982b-613dcd7b2232"
        },
        {
          "inputPort": "input",
          "mapping": "TRUE",
          "stepInput": "3bb89cc9-b89f-5291-9c54-1da7bc6c051a"
        },
        {
          "inputPort": "input",
          "mapping": "AWS - CloudWatch",
          "stepInput": "2cdea754-ab00-580e-a138-e46854bd93ae"
        }
      ]
    },
    {
      "id": "e805ab5f-544f-45ac-9e02-9a5b3779ef2a",
      "label": "NewState?",
      "environment": "HOSTED",
      "presentation": "{\"w\":60,\"x\":341,\"h\":60,\"y\":165}",
      "stepType": "SWITCH",
      "inputMappings": [
        {
          "inputPort": "input",
          "mapping": "${451bc4d8-7b83-44f4-8928-9ce130117dc0.NewStateValue}"
        }
      ],
      "switchCases": [
        {
          "caseId": "fdffc3e1-526d-49fc-b701-00ff0f16ae52",
          "caseValue": "OK"
        },
        {
          "caseId": "5c33fcc3-20b8-413f-9a24-730db9cbfa5f",
          "caseValue": "ALARM"
        }
      ]
    },
    {
      "id": "00087075-00d3-42a4-afa0-d052e21cd638",
      "label": "Sub Conf?",
      "environment": "HOSTED",
      "presentation": "{\"w\":60,\"x\":129,\"h\":60,\"y\":-135}",
      "stepType": "SWITCH",
      "inputMappings": [
        {
          "inputPort": "input",
          "mapping": "${451bc4d8-7b83-44f4-8928-9ce130117dc0.Type}"
        }
      ],
      "switchCases": [
        {
          "caseId": "743a172d-aba5-41c0-a756-fd772ed4e7cb",
          "caseValue": "SubscriptionConfirmation"
        }
      ]
    },
    {
      "id": "5f2c3e8f-300e-4c55-9b7a-c7ebc8c31e19",
      "label": "Terminate Events",
      "environment": "HOSTED",
      "presentation": "{\"w\":60,\"x\":851,\"h\":60,\"y\":445}",
      "step": "798e3053-b4b4-5e8c-ba84-8a11c3be6237",
      "stepType": "SCRIPT_STEP",
      "inputMappings": [
        {
          "inputPort": "input",
          "mapping": "${b54328cb-41bd-46af-b344-016f656aab5a.Event IDs}",
          "stepInput": "4fdf2591-4925-5682-8911-f0163d7f98dd"
        }
      ]
    },
    {
      "id": "113440f2-ef1a-4a95-9f58-7216bddd7a69",
      "label": "xMatters Create Event - CloudWatch Alarm",
      "environment": "HOSTED",
      "presentation": "{\"w\":60,\"x\":675,\"h\":60,\"y\":687}",
      "step": "5bb2c4eb-8588-488b-9ebc-260d5bf3030f",
      "stepType": "CREATE_EVENT",
      "inputMappings": [
        {
          "inputPort": "input",
          "mapping": "${451bc4d8-7b83-44f4-8928-9ce130117dc0.Trigger.EvaluationPeriods}",
          "sectionItemKey": "4e994d38-859d-4994-b176-28ab6f9094bb"
        },
        {
          "inputPort": "input",
          "mapping": "${451bc4d8-7b83-44f4-8928-9ce130117dc0.Subject}",
          "sectionItemKey": "d8bb369a-ca0b-4353-8790-e6ef1bfadc11"
        },
        {
          "inputPort": "input",
          "mapping": "${451bc4d8-7b83-44f4-8928-9ce130117dc0.Region}",
          "sectionItemKey": "d82ba710-7d37-4f26-bbb6-0fe67c054934"
        },
        {
          "inputPort": "input",
          "mapping": "${451bc4d8-7b83-44f4-8928-9ce130117dc0.Trigger.EvaluateLowSampleCountPercentile}",
          "sectionItemKey": "d80a0b1c-6a2b-4efe-8c6d-cb6099750823"
        },
        {
          "inputPort": "input",
          "mapping": "${451bc4d8-7b83-44f4-8928-9ce130117dc0.AlarmName}",
          "sectionItemKey": "37c5cfec-52f3-484b-9c9d-654dc16ba43b"
        },
        {
          "inputPort": "input",
          "mapping": "${451bc4d8-7b83-44f4-8928-9ce130117dc0.AWSAccountId}",
          "sectionItemKey": "60b83fe5-3d8f-45e0-a4c9-add8c484283d"
        },
        {
          "inputPort": "input",
          "mapping": "${451bc4d8-7b83-44f4-8928-9ce130117dc0.Trigger.MetricName}",
          "sectionItemKey": "6fc1bab8-9847-473c-80ff-73ec1a13fb69"
        },
        {
          "inputPort": "input",
          "mapping": "${451bc4d8-7b83-44f4-8928-9ce130117dc0.Trigger.Period}",
          "sectionItemKey": "50dbd8c2-3e60-4366-a6a4-b458ab510366"
        },
        {
          "inputPort": "input",
          "mapping": "${451bc4d8-7b83-44f4-8928-9ce130117dc0.Trigger.Unit}",
          "sectionItemKey": "390375fc-5054-47b8-9953-d8f3adc73004"
        },
        {
          "inputPort": "input",
          "mapping": "${451bc4d8-7b83-44f4-8928-9ce130117dc0.NewStateValue}",
          "sectionItemKey": "333fb476-3df7-460e-a5fe-f0ed11f19309"
        },
        {
          "inputPort": "input",
          "mapping": "${451bc4d8-7b83-44f4-8928-9ce130117dc0.StateChangeTime}",
          "sectionItemKey": "4fcfcdda-37e7-4b66-9e2f-0041cf6c7d42"
        },
        {
          "inputPort": "input",
          "mapping": "${451bc4d8-7b83-44f4-8928-9ce130117dc0.TopicArn}",
          "sectionItemKey": "44596668-06f8-43a3-9e5b-d3adecd3671e"
        },
        {
          "inputPort": "input",
          "mapping": "${451bc4d8-7b83-44f4-8928-9ce130117dc0.AlarmDescription}",
          "sectionItemKey": "5a59608c-b34a-4a57-a3f1-18818161049f"
        },
        {
          "inputPort": "input",
          "mapping": "${451bc4d8-7b83-44f4-8928-9ce130117dc0.Trigger.StatisticType}",
          "sectionItemKey": "51f2086e-eade-43e0-8f67-d012cb1aeb01"
        },
        {
          "inputPort": "input",
          "mapping": "${451bc4d8-7b83-44f4-8928-9ce130117dc0.Trigger.Statistic}",
          "sectionItemKey": "27eae7d5-8d33-441d-b075-14f91725f8c1"
        },
        {
          "inputPort": "input",
          "mapping": "${451bc4d8-7b83-44f4-8928-9ce130117dc0.Trigger.Threshold}",
          "sectionItemKey": "1657fb5e-75a8-49f6-b5d8-cd65746db259"
        },
        {
          "inputPort": "input",
          "mapping": "${451bc4d8-7b83-44f4-8928-9ce130117dc0.Trigger.Dimensions}",
          "sectionItemKey": "1a4ca8ee-8b03-4851-bbdf-9eae27e7efe6"
        },
        {
          "inputPort": "input",
          "mapping": "${451bc4d8-7b83-44f4-8928-9ce130117dc0.Trigger.Namespace}",
          "sectionItemKey": "a80490e3-dde1-4a8c-bc21-06545d8740ed"
        },
        {
          "inputPort": "input",
          "mapping": "${451bc4d8-7b83-44f4-8928-9ce130117dc0.recipients}",
          "sectionItemKey": "recipients"
        },
        {
          "inputPort": "input",
          "mapping": "${451bc4d8-7b83-44f4-8928-9ce130117dc0.OldStateValue}",
          "sectionItemKey": "2542f849-1783-413c-8671-a12669b8d573"
        },
        {
          "inputPort": "input",
          "mapping": "${451bc4d8-7b83-44f4-8928-9ce130117dc0.NewStateReason}",
          "sectionItemKey": "5339f526-1a8a-4baf-871d-77d39428fd7c"
        },
        {
          "inputPort": "input",
          "mapping": "${451bc4d8-7b83-44f4-8928-9ce130117dc0.Trigger.TreatMissingData}",
          "sectionItemKey": "cc8eab6b-8769-434f-9e4f-d624dd10b2e3"
        },
        {
          "inputPort": "input",
          "mapping": "${451bc4d8-7b83-44f4-8928-9ce130117dc0.Trigger.ComparisonOperator}",
          "sectionItemKey": "39075c41-2e49-4263-9e52-76337948eb85"
        }
      ]
    },
    {
      "id": "05152827-ce40-4477-9c35-05a4e9e46875",
      "label": "xMatters Create Event - Subscription Confirmation",
      "environment": "HOSTED",
      "presentation": "{\"w\":60,\"x\":340,\"h\":60,\"y\":0}",
      "step": "64300755-32d3-4cb0-a253-9ebe9de8d0ec",
      "stepType": "CREATE_EVENT",
      "inputMappings": [
        {
          "inputPort": "input",
          "mapping": "${451bc4d8-7b83-44f4-8928-9ce130117dc0.SubscribeURL}",
          "sectionItemKey": "fea6dc31-b2ba-4c1a-970b-940a71454297"
        },
        {
          "inputPort": "input",
          "mapping": "${451bc4d8-7b83-44f4-8928-9ce130117dc0.Message}",
          "sectionItemKey": "c2d4cec4-99ea-4afa-abfd-6eda8d2ececf"
        },
        {
          "inputPort": "input",
          "mapping": "${451bc4d8-7b83-44f4-8928-9ce130117dc0.Type}",
          "sectionItemKey": "18de6959-f127-43f7-a361-b870798d494c"
        },
        {
          "inputPort": "input",
          "mapping": "${451bc4d8-7b83-44f4-8928-9ce130117dc0.Timestamp}",
          "sectionItemKey": "f9042152-df96-459d-8705-99ac479adf6a"
        },
        {
          "inputPort": "input",
          "mapping": "${451bc4d8-7b83-44f4-8928-9ce130117dc0.SignatureVersion}",
          "sectionItemKey": "6ee9a596-9c3b-4120-bfc3-e083f731f13d"
        },
        {
          "inputPort": "input",
          "mapping": "${451bc4d8-7b83-44f4-8928-9ce130117dc0.MessageId}",
          "sectionItemKey": "4c0a4348-e4dc-4b0c-9a71-d28d7e49aede"
        },
        {
          "inputPort": "input",
          "mapping": "${451bc4d8-7b83-44f4-8928-9ce130117dc0.SigningCertURL}",
          "sectionItemKey": "cec5b16a-ae7e-4005-97a2-99f81e1a099b"
        },
        {
          "inputPort": "input",
          "mapping": "${451bc4d8-7b83-44f4-8928-9ce130117dc0.Signature}",
          "sectionItemKey": "f2033f72-7aad-4be4-b795-44118419643d"
        },
        {
          "inputPort": "input",
          "mapping": "${451bc4d8-7b83-44f4-8928-9ce130117dc0.recipients}",
          "sectionItemKey": "recipients"
        },
        {
          "inputPort": "input",
          "mapping": "${451bc4d8-7b83-44f4-8928-9ce130117dc0.TopicArn}",
          "sectionItemKey": "44596668-06f8-43a3-9e5b-d3adecd3671e"
        },
        {
          "inputPort": "input",
          "mapping": "${451bc4d8-7b83-44f4-8928-9ce130117dc0.Token}",
          "sectionItemKey": "f19f74d9-418c-447a-8153-269345d6f6cb"
        }
      ]
    }
  ],
  "edges": [
    {
      "fromBlock": "b54328cb-41bd-46af-b344-016f656aab5a",
      "fromPort": "output",
      "toBlock": "bca4825e-9e46-4c73-9406-6c9d886027bc",
      "toPort": "input"
    },
    {
      "fromBlock": "bca4825e-9e46-4c73-9406-6c9d886027bc",
      "fromPort": "output",
      "toBlock": "5f2c3e8f-300e-4c55-9b7a-c7ebc8c31e19",
      "toPort": "input"
    },
    {
      "fromBlock": "e805ab5f-544f-45ac-9e02-9a5b3779ef2a",
      "fromPort": "fdffc3e1-526d-49fc-b701-00ff0f16ae52",
      "toBlock": "b54328cb-41bd-46af-b344-016f656aab5a",
      "toPort": "input"
    },
    {
      "fromBlock": "e805ab5f-544f-45ac-9e02-9a5b3779ef2a",
      "fromPort": "5c33fcc3-20b8-413f-9a24-730db9cbfa5f",
      "toBlock": "113440f2-ef1a-4a95-9f58-7216bddd7a69",
      "toPort": "input"
    },
    {
      "fromBlock": "00087075-00d3-42a4-afa0-d052e21cd638",
      "fromPort": "output",
      "toBlock": "e805ab5f-544f-45ac-9e02-9a5b3779ef2a",
      "toPort": "input"
    },
    {
      "fromBlock": "00087075-00d3-42a4-afa0-d052e21cd638",
      "fromPort": "743a172d-aba5-41c0-a756-fd772ed4e7cb",
      "toBlock": "05152827-ce40-4477-9c35-05a4e9e46875",
      "toPort": "input"
    },
    {
      "fromBlock": "451bc4d8-7b83-44f4-8928-9ce130117dc0",
      "fromPort": "output",
      "toBlock": "00087075-00d3-42a4-afa0-d052e21cd638",
      "toPort": "input"
    }
  ]
}