{
  "name": "CloudWatch Alarm Workflow",
  "form": "b0344def-729d-480f-aa84-47c75cb0ddd0",
  "blocks": [
    {
      "id": "b975418c-0a30-44ec-9429-fa7cbfa074df",
      "label": "CloudWatch Alarm - Inbound from SNS",
      "environment": "HOSTED",
      "presentation": "{\"w\":60,\"x\":-123,\"h\":60,\"y\":-150}",
      "step": "989e45d0-33eb-47c5-bf52-536b4fe83b27",
      "stepType": "INTEGRATION"
    },
    {
      "id": "93ddcdba-1ee2-4524-9ab8-247fc423d917",
      "label": "Event Count",
      "environment": "HOSTED",
      "presentation": "{\"w\":60,\"x\":680,\"h\":60,\"y\":160}",
      "stepType": "SWITCH",
      "inputMappings": [
        {
          "inputPort": "input",
          "mapping": "${c6bf88b5-f453-4573-a88a-d7ffa6fc84ea.Number of Event IDs Returned}"
        }
      ],
      "switchCases": [
        {
          "caseId": "a8e4b176-20de-4229-a19f-f04ce4062b5a",
          "caseValue": "0"
        }
      ]
    },
    {
      "id": "c6bf88b5-f453-4573-a88a-d7ffa6fc84ea",
      "label": "Get ACTIVE events for AlarmName",
      "environment": "HOSTED",
      "presentation": "{\"w\":60,\"x\":511,\"h\":60,\"y\":300}",
      "step": "f36cf6ba-2225-5cb3-831f-030a05527c72",
      "stepType": "SCRIPT_STEP",
      "inputMappings": [
        {
          "inputPort": "input",
          "mapping": "ACTIVE",
          "stepInput": "fa86536b-3508-56de-884b-503596bd64c2"
        },
        {
          "inputPort": "input",
          "mapping": "TopicARN#en",
          "stepInput": "72cd05cc-dfe2-5933-b85c-edcf1df9f56f"
        },
        {
          "inputPort": "input",
          "mapping": "${b975418c-0a30-44ec-9429-fa7cbfa074df.TopicArn}",
          "stepInput": "b58893a5-ffaf-502d-982b-613dcd7b2232"
        },
        {
          "inputPort": "input",
          "mapping": "TRUE",
          "stepInput": "3bb89cc9-b89f-5291-9c54-1da7bc6c051a"
        },
        {
          "inputPort": "input",
          "mapping": "AWS - CloudWatch",
          "stepInput": "2cdea754-ab00-580e-a138-e46854bd93ae"
        }
      ]
    },
    {
      "id": "e951756c-ecb8-4cec-b1fb-82f7e184ff3a",
      "label": "NewState?",
      "environment": "HOSTED",
      "presentation": "{\"w\":60,\"x\":341,\"h\":60,\"y\":165}",
      "stepType": "SWITCH",
      "inputMappings": [
        {
          "inputPort": "input",
          "mapping": "${b975418c-0a30-44ec-9429-fa7cbfa074df.NewStateValue}"
        }
      ],
      "switchCases": [
        {
          "caseId": "047650c9-a484-412b-b993-2002338591e6",
          "caseValue": "OK"
        },
        {
          "caseId": "d0c25fc4-4d6f-45fc-a9d7-a94fadc70781",
          "caseValue": "ALARM"
        }
      ]
    },
    {
      "id": "ae2f346a-557b-4673-a803-7cd666ae14c1",
      "label": "Sub Conf?",
      "environment": "HOSTED",
      "presentation": "{\"w\":60,\"x\":129,\"h\":60,\"y\":-135}",
      "stepType": "SWITCH",
      "inputMappings": [
        {
          "inputPort": "input",
          "mapping": "${b975418c-0a30-44ec-9429-fa7cbfa074df.Type}"
        }
      ],
      "switchCases": [
        {
          "caseId": "22a9b83a-cd00-463b-b4a1-a812b7599599",
          "caseValue": "SubscriptionConfirmation"
        }
      ]
    },
    {
      "id": "879a62c6-8f42-4b6b-b3a5-95dde6a4d316",
      "label": "Terminate Events",
      "environment": "HOSTED",
      "presentation": "{\"w\":60,\"x\":851,\"h\":60,\"y\":445}",
      "step": "798e3053-b4b4-5e8c-ba84-8a11c3be6237",
      "stepType": "SCRIPT_STEP",
      "inputMappings": [
        {
          "inputPort": "input",
          "mapping": "${c6bf88b5-f453-4573-a88a-d7ffa6fc84ea.Event IDs}",
          "stepInput": "4fdf2591-4925-5682-8911-f0163d7f98dd"
        }
      ]
    },
    {
      "id": "946c2309-1876-414b-8337-d568434a75eb",
      "label": "xMatters Create Event - CloudWatch Alarm",
      "environment": "HOSTED",
      "presentation": "{\"w\":60,\"x\":675,\"h\":60,\"y\":687}",
      "step": "b0344def-729d-480f-aa84-47c75cb0ddd0",
      "stepType": "CREATE_EVENT",
      "inputMappings": [
        {
          "inputPort": "input",
          "mapping": "${b975418c-0a30-44ec-9429-fa7cbfa074df.Trigger.ComparisonOperator}",
          "sectionItemKey": "35dcf853-8c5d-4030-9650-a75ed0f84717"
        },
        {
          "inputPort": "input",
          "mapping": "${b975418c-0a30-44ec-9429-fa7cbfa074df.Trigger.StatisticType}",
          "sectionItemKey": "c7af68de-f20e-4533-8aa0-2e84ff4aeed9"
        },
        {
          "inputPort": "input",
          "mapping": "${b975418c-0a30-44ec-9429-fa7cbfa074df.StateChangeTime}",
          "sectionItemKey": "74341b6a-0279-4372-8708-983bc5f6d2a6"
        },
        {
          "inputPort": "input",
          "mapping": "${b975418c-0a30-44ec-9429-fa7cbfa074df.Trigger.Statistic}",
          "sectionItemKey": "10a5297f-8f67-4915-9e9e-bbb061c05fa3"
        },
        {
          "inputPort": "input",
          "mapping": "${b975418c-0a30-44ec-9429-fa7cbfa074df.recipients}",
          "sectionItemKey": "recipients"
        },
        {
          "inputPort": "input",
          "mapping": "${b975418c-0a30-44ec-9429-fa7cbfa074df.Trigger.EvaluateLowSampleCountPercentile}",
          "sectionItemKey": "e96070b8-6afc-4a58-b390-92d900779806"
        },
        {
          "inputPort": "input",
          "mapping": "${b975418c-0a30-44ec-9429-fa7cbfa074df.Region}",
          "sectionItemKey": "8932596e-58cb-4235-9a98-71a0dbbaeeae"
        },
        {
          "inputPort": "input",
          "mapping": "${b975418c-0a30-44ec-9429-fa7cbfa074df.Trigger.MetricName}",
          "sectionItemKey": "2e58637e-3260-40f4-9014-d89c8a6a3f7a"
        },
        {
          "inputPort": "input",
          "mapping": "${b975418c-0a30-44ec-9429-fa7cbfa074df.AWSAccountId}",
          "sectionItemKey": "17e2ad1c-6c87-4718-92d5-1f5e0c301d4a"
        },
        {
          "inputPort": "input",
          "mapping": "${b975418c-0a30-44ec-9429-fa7cbfa074df.AlarmName}",
          "sectionItemKey": "022b3485-768e-4f6f-b0c0-2f6662a38c33"
        },
        {
          "inputPort": "input",
          "mapping": "${b975418c-0a30-44ec-9429-fa7cbfa074df.AlarmDescription}",
          "sectionItemKey": "87baff7a-1f67-4d7b-954a-3ac6f79bdf18"
        },
        {
          "inputPort": "input",
          "mapping": "${b975418c-0a30-44ec-9429-fa7cbfa074df.Subject}",
          "sectionItemKey": "5e295df5-95d3-4f76-b404-4a765f6f844a"
        },
        {
          "inputPort": "input",
          "mapping": "${b975418c-0a30-44ec-9429-fa7cbfa074df.Trigger.TreatMissingData}",
          "sectionItemKey": "54954a8b-ed79-4709-a1d1-f6ce75db8e99"
        },
        {
          "inputPort": "input",
          "mapping": "${b975418c-0a30-44ec-9429-fa7cbfa074df.Trigger.Unit}",
          "sectionItemKey": "60cabef5-b752-4fad-bc8c-3e19878cf86a"
        },
        {
          "inputPort": "input",
          "mapping": "${b975418c-0a30-44ec-9429-fa7cbfa074df.Trigger.EvaluationPeriods}",
          "sectionItemKey": "0a094154-7177-4aeb-b54d-118ed969ee4c"
        },
        {
          "inputPort": "input",
          "mapping": "${b975418c-0a30-44ec-9429-fa7cbfa074df.NewStateValue}",
          "sectionItemKey": "9d01603d-69c0-467d-a8ca-a907868176a1"
        },
        {
          "inputPort": "input",
          "mapping": "${b975418c-0a30-44ec-9429-fa7cbfa074df.NewStateReason}",
          "sectionItemKey": "8b3bdfb0-7881-472b-a130-33104a80c4a4"
        },
        {
          "inputPort": "input",
          "mapping": "${b975418c-0a30-44ec-9429-fa7cbfa074df.OldStateValue}",
          "sectionItemKey": "86603c5e-d845-4abf-8018-d49b85fe12cb"
        },
        {
          "inputPort": "input",
          "mapping": "${b975418c-0a30-44ec-9429-fa7cbfa074df.Trigger.Namespace}",
          "sectionItemKey": "db2bd9b3-62c3-4d3c-9aba-21af36327a24"
        },
        {
          "inputPort": "input",
          "mapping": "${b975418c-0a30-44ec-9429-fa7cbfa074df.Trigger.Threshold}",
          "sectionItemKey": "dd2f778c-6063-4bb1-a9cb-051f2e211a50"
        },
        {
          "inputPort": "input",
          "mapping": "${b975418c-0a30-44ec-9429-fa7cbfa074df.Trigger.Period}",
          "sectionItemKey": "f14a57d5-4e76-4d22-94a8-8877613405b7"
        },
        {
          "inputPort": "input",
          "mapping": "${b975418c-0a30-44ec-9429-fa7cbfa074df.Trigger.Dimensions}",
          "sectionItemKey": "0832020c-bb27-48ec-ba27-c6dd1d72ade8"
        }
      ]
    },
    {
      "id": "1ed24b6d-da01-483b-bf4e-5a3f149e0a0b",
      "label": "xMatters Create Event - Subscription Confirmation",
      "environment": "HOSTED",
      "presentation": "{\"w\":60,\"x\":340,\"h\":60,\"y\":0}",
      "step": "c4d03537-aefe-466e-991e-ee59eb840539",
      "stepType": "CREATE_EVENT",
      "inputMappings": [
        {
          "inputPort": "input",
          "mapping": "${b975418c-0a30-44ec-9429-fa7cbfa074df.Timestamp}",
          "sectionItemKey": "b58036c2-49f9-47c5-b8b4-219298835d98"
        },
        {
          "inputPort": "input",
          "mapping": "${b975418c-0a30-44ec-9429-fa7cbfa074df.Token}",
          "sectionItemKey": "1aa12605-e6e9-4331-8857-a82d410eef83"
        },
        {
          "inputPort": "input",
          "mapping": "${b975418c-0a30-44ec-9429-fa7cbfa074df.recipients}",
          "sectionItemKey": "recipients"
        },
        {
          "inputPort": "input",
          "mapping": "${b975418c-0a30-44ec-9429-fa7cbfa074df.SubscribeURL}",
          "sectionItemKey": "e79a3bd2-0e4c-4a28-b0bd-ac593bc2c1f2"
        },
        {
          "inputPort": "input",
          "mapping": "${b975418c-0a30-44ec-9429-fa7cbfa074df.SigningCertURL}",
          "sectionItemKey": "3f9ddee9-4735-4c23-9897-66af4323f23e"
        },
        {
          "inputPort": "input",
          "mapping": "${b975418c-0a30-44ec-9429-fa7cbfa074df.MessageId}",
          "sectionItemKey": "05e197d1-8055-4e3f-8343-747030b6574e"
        },
        {
          "inputPort": "input",
          "mapping": "${b975418c-0a30-44ec-9429-fa7cbfa074df.TopicArn}",
          "sectionItemKey": "3f6fc10b-adae-4dec-9753-ca71ef64ba56"
        },
        {
          "inputPort": "input",
          "mapping": "${b975418c-0a30-44ec-9429-fa7cbfa074df.Signature}",
          "sectionItemKey": "9e5360c0-29f0-477a-a285-9e62cf94bc0b"
        },
        {
          "inputPort": "input",
          "mapping": "${b975418c-0a30-44ec-9429-fa7cbfa074df.Message}",
          "sectionItemKey": "91233a76-f262-46db-9920-f30827baf6d4"
        },
        {
          "inputPort": "input",
          "mapping": "${b975418c-0a30-44ec-9429-fa7cbfa074df.SignatureVersion}",
          "sectionItemKey": "c667183a-f8b7-482e-a8db-c1bd02208a79"
        },
        {
          "inputPort": "input",
          "mapping": "${b975418c-0a30-44ec-9429-fa7cbfa074df.Type}",
          "sectionItemKey": "14352cfb-4452-4fd8-a449-32f429812faf"
        }
      ]
    }
  ],
  "edges": [
    {
      "fromBlock": "93ddcdba-1ee2-4524-9ab8-247fc423d917",
      "fromPort": "output",
      "toBlock": "879a62c6-8f42-4b6b-b3a5-95dde6a4d316",
      "toPort": "input"
    },
    {
      "fromBlock": "ae2f346a-557b-4673-a803-7cd666ae14c1",
      "fromPort": "output",
      "toBlock": "e951756c-ecb8-4cec-b1fb-82f7e184ff3a",
      "toPort": "input"
    },
    {
      "fromBlock": "ae2f346a-557b-4673-a803-7cd666ae14c1",
      "fromPort": "22a9b83a-cd00-463b-b4a1-a812b7599599",
      "toBlock": "1ed24b6d-da01-483b-bf4e-5a3f149e0a0b",
      "toPort": "input"
    },
    {
      "fromBlock": "b975418c-0a30-44ec-9429-fa7cbfa074df",
      "fromPort": "output",
      "toBlock": "ae2f346a-557b-4673-a803-7cd666ae14c1",
      "toPort": "input"
    },
    {
      "fromBlock": "c6bf88b5-f453-4573-a88a-d7ffa6fc84ea",
      "fromPort": "output",
      "toBlock": "93ddcdba-1ee2-4524-9ab8-247fc423d917",
      "toPort": "input"
    },
    {
      "fromBlock": "e951756c-ecb8-4cec-b1fb-82f7e184ff3a",
      "fromPort": "d0c25fc4-4d6f-45fc-a9d7-a94fadc70781",
      "toBlock": "946c2309-1876-414b-8337-d568434a75eb",
      "toPort": "input"
    },
    {
      "fromBlock": "e951756c-ecb8-4cec-b1fb-82f7e184ff3a",
      "fromPort": "047650c9-a484-412b-b993-2002338591e6",
      "toBlock": "c6bf88b5-f453-4573-a88a-d7ffa6fc84ea",
      "toPort": "input"
    }
  ]
}